,input_num
0,0
1,1
2,2
3,3
4,4
5,5
6,6
7,7
8,8
9,9
10,10
11,11
12,12
13,13
14,14
15,15
16,16
17,17
18,18
19,19
20,20
21,21
22,22
23,23
24,24
25,25
26,26
27,27
28,28
29,29
30,30
31,31
32,32
33,33
34,34
35,35
36,36
37,37
38,38
39,39
40,40
41,41
42,42
43,43
44,0
45,0
46,0
47,0
48,0
49,0
50,0
51,0
52,0
53,0
54,0
55,0
56,0
57,0
58,0
59,0
60,0
61,0
62,0
63,0
64,1
65,1
66,1
67,1
68,1
69,1
70,1
71,1
72,1
73,1
74,1
75,1
76,1
77,1
78,1
79,1
80,1
81,1
82,1
83,1
84,2
85,2
86,2
87,2
88,2
89,2
90,2
91,2
92,2
93,2
94,2
95,2
96,2
97,2
98,2
99,2
100,2
101,2
102,2
103,2
104,3
105,3
106,3
107,3
108,3
109,3
110,3
111,3
112,3
113,3
114,3
115,3
116,3
117,3
118,3
119,3
120,3
121,3
122,3
123,3
124,4
125,4
126,4
127,4
128,4
129,4
130,4
131,4
132,4
133,4
134,4
135,4
136,4
137,4
138,4
139,4
140,4
141,4
142,4
143,4
144,5
145,5
146,5
147,5
148,5
149,5
150,5
151,5
152,5
153,5
154,5
155,5
156,5
157,5
158,5
159,5
160,5
161,5
162,5
163,5
164,6
165,6
166,6
167,6
168,6
169,6
170,6
171,6
172,6
173,6
174,6
175,6
176,6
177,6
178,6
179,6
180,6
181,6
182,6
183,6
184,7
185,7
186,7
187,7
188,7
189,7
190,7
191,7
192,7
193,7
194,7
195,7
196,7
197,7
198,7
199,7
200,7
201,7
202,7
203,7
204,8
205,8
206,8
207,8
208,8
209,8
210,8
211,8
212,8
213,8
214,8
215,8
216,8
217,8
218,8
219,8
220,8
221,8
222,8
223,8
224,9
225,9
226,9
227,9
228,9
229,9
230,9
231,9
232,9
233,9
234,9
235,9
236,9
237,9
238,9
239,9
240,9
241,9
242,9
243,9
244,10
245,10
246,10
247,10
248,10
249,10
250,10
251,10
252,10
253,10
254,10
255,10
256,10
257,10
258,10
259,10
260,10
261,10
262,10
263,10
264,11
265,11
266,11
267,11
268,11
269,11
270,11
271,11
272,11
273,11
274,11
275,11
276,11
277,11
278,11
279,11
280,11
281,11
282,11
283,11
284,12
285,12
286,12
287,12
288,12
289,12
290,12
291,12
292,12
293,12
294,12
295,12
296,12
297,12
298,12
299,12
300,12
301,12
302,12
303,12
304,13
305,13
306,13
307,13
308,13
309,13
310,13
311,13
312,13
313,13
314,13
315,13
316,13
317,13
318,13
319,13
320,13
321,13
322,13
323,13
324,14
325,14
326,14
327,14
328,14
329,14
330,14
331,14
332,14
333,14
334,14
335,14
336,14
337,14
338,14
339,14
340,14
341,14
342,14
343,14
344,15
345,15
346,15
347,15
348,15
349,15
350,15
351,15
352,15
353,15
354,15
355,15
356,15
357,15
358,15
359,15
360,15
361,15
362,15
363,15
364,16
365,16
366,16
367,16
368,16
369,16
370,16
371,16
372,16
373,16
374,16
375,16
376,16
377,16
378,16
379,16
380,16
381,16
382,16
383,16
384,17
385,17
386,17
387,17
388,17
389,17
390,17
391,17
392,17
393,17
394,17
395,17
396,17
397,17
398,17
399,17
400,17
401,17
402,17
403,17
404,18
405,18
406,18
407,18
408,18
409,18
410,18
411,18
412,18
413,18
414,18
415,18
416,18
417,18
418,18
419,18
420,18
421,18
422,18
423,18
424,19
425,19
426,19
427,19
428,19
429,19
430,19
431,19
432,19
433,19
434,19
435,19
436,19
437,19
438,19
439,19
440,19
441,19
442,19
443,19
444,20
445,20
446,20
447,20
448,20
449,20
450,20
451,20
452,20
453,20
454,20
455,20
456,20
457,20
458,20
459,20
460,20
461,20
462,20
463,20
464,21
465,21
466,21
467,21
468,21
469,21
470,21
471,21
472,21
473,21
474,21
475,21
476,21
477,21
478,21
479,21
480,21
481,21
482,21
483,21
484,22
485,22
486,22
487,22
488,22
489,22
490,22
491,22
492,22
493,22
494,22
495,22
496,22
497,22
498,22
499,22
500,22
501,22
502,22
503,22
504,23
505,23
506,23
507,23
508,23
509,23
510,23
511,23
512,23
513,23
514,23
515,23
516,23
517,23
518,23
519,23
520,23
521,23
522,23
523,23
524,24
525,24
526,24
527,24
528,24
529,24
530,24
531,24
532,24
533,24
534,24
535,24
536,24
537,24
538,24
539,24
540,24
541,24
542,24
543,24
544,25
545,25
546,25
547,25
548,25
549,25
550,25
551,25
552,25
553,25
554,25
555,25
556,25
557,25
558,25
559,25
560,25
561,25
562,25
563,25
564,26
565,26
566,26
567,26
568,26
569,26
570,26
571,26
572,26
573,26
574,26
575,26
576,26
577,26
578,26
579,26
580,26
581,26
582,26
583,26
584,27
585,27
586,27
587,27
588,27
589,27
590,27
591,27
592,27
593,27
594,27
595,27
596,27
597,27
598,27
599,27
600,27
601,27
602,27
603,27
604,28
605,28
606,28
607,28
608,28
609,28
610,28
611,28
612,28
613,28
614,28
615,28
616,28
617,28
618,28
619,28
620,28
621,28
622,28
623,28
624,29
625,29
626,29
627,29
628,29
629,29
630,29
631,29
632,29
633,29
634,29
635,29
636,29
637,29
638,29
639,29
640,29
641,29
642,29
643,29
644,30
645,30
646,30
647,30
648,30
649,30
650,30
651,30
652,30
653,30
654,30
655,30
656,30
657,30
658,30
659,30
660,30
661,30
662,30
663,30
664,31
665,31
666,31
667,31
668,31
669,31
670,31
671,31
672,31
673,31
674,31
675,31
676,31
677,31
678,31
679,31
680,31
681,31
682,31
683,31
684,32
685,32
686,32
687,32
688,32
689,32
690,32
691,32
692,32
693,32
694,32
695,32
696,32
697,32
698,32
699,32
700,32
701,32
702,32
703,32
704,33
705,33
706,33
707,33
708,33
709,33
710,33
711,33
712,33
713,33
714,33
715,33
716,33
717,33
718,33
719,33
720,33
721,33
722,33
723,33
724,34
725,34
726,34
727,34
728,34
729,34
730,34
731,34
732,34
733,34
734,34
735,34
736,34
737,34
738,34
739,34
740,34
741,34
742,34
743,34
744,35
745,35
746,35
747,35
748,35
749,35
750,35
751,35
752,35
753,35
754,35
755,35
756,35
757,35
758,35
759,35
760,35
761,35
762,35
763,35
764,36
765,36
766,36
767,36
768,36
769,36
770,36
771,36
772,36
773,36
774,36
775,36
776,36
777,36
778,36
779,36
780,36
781,36
782,36
783,36
784,37
785,37
786,37
787,37
788,37
789,37
790,37
791,37
792,37
793,37
794,37
795,37
796,37
797,37
798,37
799,37
800,37
801,37
802,37
803,37
804,38
805,38
806,38
807,38
808,38
809,38
810,38
811,38
812,38
813,38
814,38
815,38
816,38
817,38
818,38
819,38
820,38
821,38
822,38
823,38
824,39
825,39
826,39
827,39
828,39
829,39
830,39
831,39
832,39
833,39
834,39
835,39
836,39
837,39
838,39
839,39
840,39
841,39
842,39
843,39
844,0
845,0
846,0
847,0
848,0
849,0
850,0
851,0
852,0
853,0
854,0
855,0
856,0
857,0
858,0
859,0
860,0
861,0
862,0
863,0
864,1
865,1
866,1
867,1
868,1
869,1
870,1
871,1
872,1
873,1
874,1
875,1
876,1
877,1
878,1
879,1
880,1
881,1
882,1
883,1
884,2
885,2
886,2
887,2
888,2
889,2
890,2
891,2
892,2
893,2
894,2
895,2
896,2
897,2
898,2
899,2
900,2
901,2
902,2
903,2
904,3
905,3
906,3
907,3
908,3
909,3
910,3
911,3
912,3
913,3
914,3
915,3
916,3
917,3
918,3
919,3
920,3
921,3
922,3
923,3
924,4
925,4
926,4
927,4
928,4
929,4
930,4
931,4
932,4
933,4
934,4
935,4
936,4
937,4
938,4
939,4
940,4
941,4
942,4
943,4
944,5
945,5
946,5
947,5
948,5
949,5
950,5
951,5
952,5
953,5
954,5
955,5
956,5
957,5
958,5
959,5
960,5
961,5
962,5
963,5
964,6
965,6
966,6
967,6
968,6
969,6
970,6
971,6
972,6
973,6
974,6
975,6
976,6
977,6
978,6
979,6
980,6
981,6
982,6
983,6
984,7
985,7
986,7
987,7
988,7
989,7
990,7
991,7
992,7
993,7
994,7
995,7
996,7
997,7
998,7
999,7
1000,7
1001,7
1002,7
1003,7
1004,8
1005,8
1006,8
1007,8
1008,8
1009,8
1010,8
1011,8
1012,8
1013,8
1014,8
1015,8
1016,8
1017,8
1018,8
1019,8
1020,8
1021,8
1022,8
1023,8
1024,9
1025,9
1026,9
1027,9
1028,9
1029,9
1030,9
1031,9
1032,9
1033,9
1034,9
1035,9
1036,9
1037,9
1038,9
1039,9
1040,9
1041,9
1042,9
1043,9
1044,10
1045,10
1046,10
1047,10
1048,10
1049,10
1050,10
1051,10
1052,10
1053,10
1054,10
1055,10
1056,10
1057,10
1058,10
1059,10
1060,10
1061,10
1062,10
1063,10
1064,11
1065,11
1066,11
1067,11
1068,11
1069,11
1070,11
1071,11
1072,11
1073,11
1074,11
1075,11
1076,11
1077,11
1078,11
1079,11
1080,11
1081,11
1082,11
1083,11
1084,12
1085,12
1086,12
1087,12
1088,12
1089,12
1090,12
1091,12
1092,12
1093,12
1094,12
1095,12
1096,12
1097,12
1098,12
1099,12
1100,12
1101,12
1102,12
1103,12
1104,13
1105,13
1106,13
1107,13
1108,13
1109,13
1110,13
1111,13
1112,13
1113,13
1114,13
1115,13
1116,13
1117,13
1118,13
1119,13
1120,13
1121,13
1122,13
1123,13
1124,14
1125,14
1126,14
1127,14
1128,14
1129,14
1130,14
1131,14
1132,14
1133,14
1134,14
1135,14
1136,14
1137,14
1138,14
1139,14
1140,14
1141,14
1142,14
1143,14
1144,15
1145,15
1146,15
1147,15
1148,15
1149,15
1150,15
1151,15
1152,15
1153,15
1154,15
1155,15
1156,15
1157,15
1158,15
1159,15
1160,15
1161,15
1162,15
1163,15
1164,16
1165,16
1166,16
1167,16
1168,16
1169,16
1170,16
1171,16
1172,16
1173,16
1174,16
1175,16
1176,16
1177,16
1178,16
1179,16
1180,16
1181,16
1182,16
1183,16
1184,17
1185,17
1186,17
1187,17
1188,17
1189,17
1190,17
1191,17
1192,17
1193,17
1194,17
1195,17
1196,17
1197,17
1198,17
1199,17
1200,17
1201,17
1202,17
1203,17
1204,18
1205,18
1206,18
1207,18
1208,18
1209,18
1210,18
1211,18
1212,18
1213,18
1214,18
1215,18
1216,18
1217,18
1218,18
1219,18
1220,18
1221,18
1222,18
1223,18
1224,19
1225,19
1226,19
1227,19
1228,19
1229,19
1230,19
1231,19
1232,19
1233,19
1234,19
1235,19
1236,19
1237,19
1238,19
1239,19
1240,19
1241,19
1242,19
1243,19
1244,20
1245,20
1246,20
1247,20
1248,20
1249,20
1250,20
1251,20
1252,20
1253,20
1254,20
1255,20
1256,20
1257,20
1258,20
1259,20
1260,20
1261,20
1262,20
1263,20
1264,21
1265,21
1266,21
1267,21
1268,21
1269,21
1270,21
1271,21
1272,21
1273,21
1274,21
1275,21
1276,21
1277,21
1278,21
1279,21
1280,21
1281,21
1282,21
1283,21
1284,22
1285,22
1286,22
1287,22
1288,22
1289,22
1290,22
1291,22
1292,22
1293,22
1294,22
1295,22
1296,22
1297,22
1298,22
1299,22
1300,22
1301,22
1302,22
1303,22
1304,23
1305,23
1306,23
1307,23
1308,23
1309,23
1310,23
1311,23
1312,23
1313,23
1314,23
1315,23
1316,23
1317,23
1318,23
1319,23
1320,23
1321,23
1322,23
1323,23
1324,24
1325,24
1326,24
1327,24
1328,24
1329,24
1330,24
1331,24
1332,24
1333,24
1334,24
1335,24
1336,24
1337,24
1338,24
1339,24
1340,24
1341,24
1342,24
1343,24
1344,25
1345,25
1346,25
1347,25
1348,25
1349,25
1350,25
1351,25
1352,25
1353,25
1354,25
1355,25
1356,25
1357,25
1358,25
1359,25
1360,25
1361,25
1362,25
1363,25
1364,26
1365,26
1366,26
1367,26
1368,26
1369,26
1370,26
1371,26
1372,26
1373,26
1374,26
1375,26
1376,26
1377,26
1378,26
1379,26
1380,26
1381,26
1382,26
1383,26
1384,27
1385,27
1386,27
1387,27
1388,27
1389,27
1390,27
1391,27
1392,27
1393,27
1394,27
1395,27
1396,27
1397,27
1398,27
1399,27
1400,27
1401,27
1402,27
1403,27
1404,28
1405,28
1406,28
1407,28
1408,28
1409,28
1410,28
1411,28
1412,28
1413,28
1414,28
1415,28
1416,28
1417,28
1418,28
1419,28
1420,28
1421,28
1422,28
1423,28
1424,29
1425,29
1426,29
1427,29
1428,29
1429,29
1430,29
1431,29
1432,29
1433,29
1434,29
1435,29
1436,29
1437,29
1438,29
1439,29
1440,29
1441,29
1442,29
1443,29
1444,30
1445,30
1446,30
1447,30
1448,30
1449,30
1450,30
1451,30
1452,30
1453,30
1454,30
1455,30
1456,30
1457,30
1458,30
1459,30
1460,30
1461,30
1462,30
1463,30
1464,31
1465,31
1466,31
1467,31
1468,31
1469,31
1470,31
1471,31
1472,31
1473,31
1474,31
1475,31
1476,31
1477,31
1478,31
1479,31
1480,31
1481,31
1482,31
1483,31
1484,32
1485,32
1486,32
1487,32
1488,32
1489,32
1490,32
1491,32
1492,32
1493,32
1494,32
1495,32
1496,32
1497,32
1498,32
1499,32
1500,32
1501,32
1502,32
1503,32
1504,33
1505,33
1506,33
1507,33
1508,33
1509,33
1510,33
1511,33
1512,33
1513,33
1514,33
1515,33
1516,33
1517,33
1518,33
1519,33
1520,33
1521,33
1522,33
1523,33
1524,34
1525,34
1526,34
1527,34
1528,34
1529,34
1530,34
1531,34
1532,34
1533,34
1534,34
1535,34
1536,34
1537,34
1538,34
1539,34
1540,34
1541,34
1542,34
1543,34
1544,35
1545,35
1546,35
1547,35
1548,35
1549,35
1550,35
1551,35
1552,35
1553,35
1554,35
1555,35
1556,35
1557,35
1558,35
1559,35
1560,35
1561,35
1562,35
1563,35
1564,36
1565,36
1566,36
1567,36
1568,36
1569,36
1570,36
1571,36
1572,36
1573,36
1574,36
1575,36
1576,36
1577,36
1578,36
1579,36
1580,36
1581,36
1582,36
1583,36
1584,37
1585,37
1586,37
1587,37
1588,37
1589,37
1590,37
1591,37
1592,37
1593,37
1594,37
1595,37
1596,37
1597,37
1598,37
1599,37
1600,37
1601,37
1602,37
1603,37
1604,38
1605,38
1606,38
1607,38
1608,38
1609,38
1610,38
1611,38
1612,38
1613,38
1614,38
1615,38
1616,38
1617,38
1618,38
1619,38
1620,38
1621,38
1622,38
1623,38
1624,39
1625,39
1626,39
1627,39
1628,39
1629,39
1630,39
1631,39
1632,39
1633,39
1634,39
1635,39
1636,39
1637,39
1638,39
1639,39
1640,39
1641,39
1642,39
1643,39
1644,40
1645,40
1646,40
1647,40
1648,40
1649,40
1650,40
1651,40
1652,40
1653,40
1654,40
1655,40
1656,40
1657,40
1658,40
1659,40
1660,40
1661,40
1662,40
1663,40
1664,41
1665,41
1666,41
1667,41
1668,41
1669,41
1670,41
1671,41
1672,41
1673,41
1674,41
1675,41
1676,41
1677,41
1678,41
1679,41
1680,41
1681,41
1682,41
1683,41
1684,42
1685,42
1686,42
1687,42
1688,42
1689,42
1690,42
1691,42
1692,42
1693,42
1694,42
1695,42
1696,42
1697,42
1698,42
1699,42
1700,42
1701,42
1702,42
1703,42
1704,43
1705,43
1706,43
1707,43
1708,43
1709,43
1710,43
1711,43
1712,43
1713,43
1714,43
1715,43
1716,43
1717,43
1718,43
1719,43
1720,43
1721,43
1722,43
1723,43
1724,44
1725,44
1726,44
1727,44
1728,44
1729,44
1730,44
1731,44
1732,44
1733,44
1734,44
1735,44
1736,44
1737,44
1738,44
1739,44
1740,44
1741,44
1742,44
1743,44
1744,45
1745,45
1746,45
1747,45
1748,45
1749,45
1750,45
1751,45
1752,45
1753,45
1754,45
1755,45
1756,45
1757,45
1758,45
1759,45
1760,45
1761,45
1762,45
1763,45
1764,46
1765,46
1766,46
1767,46
1768,46
1769,46
1770,46
1771,46
1772,46
1773,46
1774,46
1775,46
1776,46
1777,46
1778,46
1779,46
1780,46
1781,46
1782,46
1783,46
1784,47
1785,47
1786,47
1787,47
1788,47
1789,47
1790,47
1791,47
1792,47
1793,47
1794,47
1795,47
1796,47
1797,47
1798,47
1799,47
1800,47
1801,47
1802,47
1803,47
1804,48
1805,48
1806,48
1807,48
1808,48
1809,48
1810,48
1811,48
1812,48
1813,48
1814,48
1815,48
1816,48
1817,48
1818,48
1819,48
1820,48
1821,48
1822,48
1823,48
1824,49
1825,49
1826,49
1827,49
1828,49
1829,49
1830,49
1831,49
1832,49
1833,49
1834,49
1835,49
1836,49
1837,49
1838,49
1839,49
1840,49
1841,49
1842,49
1843,49
1844,50
1845,50
1846,50
1847,50
1848,50
1849,50
1850,50
1851,50
1852,50
1853,50
1854,50
1855,50
1856,50
1857,50
1858,50
1859,50
1860,50
1861,50
1862,50
1863,50
1864,51
1865,51
1866,51
1867,51
1868,51
1869,51
1870,51
1871,51
1872,51
1873,51
1874,51
1875,51
1876,51
1877,51
1878,51
1879,51
1880,51
1881,51
1882,51
1883,51
1884,52
1885,52
1886,52
1887,52
1888,52
1889,52
1890,52
1891,52
1892,52
1893,52
1894,52
1895,52
1896,52
1897,52
1898,52
1899,52
1900,52
1901,52
1902,52
1903,52
1904,53
1905,53
1906,53
1907,53
1908,53
1909,53
1910,53
1911,53
1912,53
1913,53
1914,53
1915,53
1916,53
1917,53
1918,53
1919,53
1920,53
1921,53
1922,53
1923,53
1924,54
1925,54
1926,54
1927,54
1928,54
1929,54
1930,54
1931,54
1932,54
1933,54
1934,54
1935,54
1936,54
1937,54
1938,54
1939,54
1940,54
1941,54
1942,54
1943,54
1944,55
1945,55
1946,55
1947,55
1948,55
1949,55
1950,55
1951,55
1952,55
1953,55
1954,55
1955,55
1956,55
1957,55
1958,55
1959,55
1960,55
1961,55
1962,55
1963,55
1964,56
1965,56
1966,56
1967,56
1968,56
1969,56
1970,56
1971,56
1972,56
1973,56
1974,56
1975,56
1976,56
1977,56
1978,56
1979,56
1980,56
1981,56
1982,56
1983,56
1984,57
1985,57
1986,57
1987,57
1988,57
1989,57
1990,57
1991,57
1992,57
1993,57
1994,57
1995,57
1996,57
1997,57
1998,57
1999,57
2000,57
2001,57
2002,57
2003,57
2004,58
2005,58
2006,58
2007,58
2008,58
2009,58
2010,58
2011,58
2012,58
2013,58
2014,58
2015,58
2016,58
2017,58
2018,58
2019,58
2020,58
2021,58
2022,58
2023,58
2024,59
2025,59
2026,59
2027,59
2028,59
2029,59
2030,59
2031,59
2032,59
2033,59
2034,59
2035,59
2036,59
2037,59
2038,59
2039,59
2040,59
2041,59
2042,59
2043,59
2044,60
2045,60
2046,60
2047,60
2048,60
2049,60
2050,60
2051,60
2052,60
2053,60
2054,60
2055,60
2056,60
2057,60
2058,60
2059,60
2060,60
2061,60
2062,60
2063,60
2064,61
2065,61
2066,61
2067,61
2068,61
2069,61
2070,61
2071,61
2072,61
2073,61
2074,61
2075,61
2076,61
2077,61
2078,61
2079,61
2080,61
2081,61
2082,61
2083,61
2084,62
2085,62
2086,62
2087,62
2088,62
2089,62
2090,62
2091,62
2092,62
2093,62
2094,62
2095,62
2096,62
2097,62
2098,62
2099,62
2100,62
2101,62
2102,62
2103,62
2104,63
2105,63
2106,63
2107,63
2108,63
2109,63
2110,63
2111,63
2112,63
2113,63
2114,63
2115,63
2116,63
2117,63
2118,63
2119,63
2120,63
2121,63
2122,63
2123,63
2124,64
2125,64
2126,64
2127,64
2128,64
2129,64
2130,64
2131,64
2132,64
2133,64
2134,64
2135,64
2136,64
2137,64
2138,64
2139,64
2140,64
2141,64
2142,64
2143,64
2144,65
2145,65
2146,65
2147,65
2148,65
2149,65
2150,65
2151,65
2152,65
2153,65
2154,65
2155,65
2156,65
2157,65
2158,65
2159,65
2160,65
2161,65
2162,65
2163,65
2164,66
2165,66
2166,66
2167,66
2168,66
2169,66
2170,66
2171,66
2172,66
2173,66
2174,66
2175,66
2176,66
2177,66
2178,66
2179,66
2180,66
2181,66
2182,66
2183,66
2184,67
2185,67
2186,67
2187,67
2188,67
2189,67
2190,67
2191,67
2192,67
2193,67
2194,67
2195,67
2196,67
2197,67
2198,67
2199,67
2200,67
2201,67
2202,67
2203,67
2204,68
2205,68
2206,68
2207,68
2208,68
2209,68
2210,68
2211,68
2212,68
2213,68
2214,68
2215,68
2216,68
2217,68
2218,68
2219,68
2220,68
2221,68
2222,68
2223,68
2224,69
2225,69
2226,69
2227,69
2228,69
2229,69
2230,69
2231,69
2232,69
2233,69
2234,69
2235,69
2236,69
2237,69
2238,69
2239,69
2240,69
2241,69
2242,69
2243,69
2244,70
2245,70
2246,70
2247,70
2248,70
2249,70
2250,70
2251,70
2252,70
2253,70
2254,70
2255,70
2256,70
2257,70
2258,70
2259,70
2260,70
2261,70
2262,70
2263,70
2264,71
2265,71
2266,71
2267,71
2268,71
2269,71
2270,71
2271,71
2272,71
2273,71
2274,71
2275,71
2276,71
2277,71
2278,71
2279,71
2280,71
2281,71
2282,71
2283,71
2284,72
2285,72
2286,72
2287,72
2288,72
2289,72
2290,72
2291,72
2292,72
2293,72
2294,72
2295,72
2296,72
2297,72
2298,72
2299,72
2300,72
2301,72
2302,72
2303,72
2304,73
2305,73
2306,73
2307,73
2308,73
2309,73
2310,73
2311,73
2312,73
2313,73
2314,73
2315,73
2316,73
2317,73
2318,73
2319,73
2320,73
2321,73
2322,73
2323,73
2324,74
2325,74
2326,74
2327,74
2328,74
2329,74
2330,74
2331,74
2332,74
2333,74
2334,74
2335,74
2336,74
2337,74
2338,74
2339,74
2340,74
2341,74
2342,74
2343,74
2344,75
2345,75
2346,75
2347,75
2348,75
2349,75
2350,75
2351,75
2352,75
2353,75
2354,75
2355,75
2356,75
2357,75
2358,75
2359,75
2360,75
2361,75
2362,75
2363,75
2364,76
2365,76
2366,76
2367,76
2368,76
2369,76
2370,76
2371,76
2372,76
2373,76
2374,76
2375,76
2376,76
2377,76
2378,76
2379,76
2380,76
2381,76
2382,76
2383,76
2384,77
2385,77
2386,77
2387,77
2388,77
2389,77
2390,77
2391,77
2392,77
2393,77
2394,77
2395,77
2396,77
2397,77
2398,77
2399,77
2400,77
2401,77
2402,77
2403,77
2404,78
2405,78
2406,78
2407,78
2408,78
2409,78
2410,78
2411,78
2412,78
2413,78
2414,78
2415,78
2416,78
2417,78
2418,78
2419,78
2420,78
2421,78
2422,78
2423,78
2424,79
2425,79
2426,79
2427,79
2428,79
2429,79
2430,79
2431,79
2432,79
2433,79
2434,79
2435,79
2436,79
2437,79
2438,79
2439,79
2440,79
2441,79
2442,79
2443,79
2444,80
2445,80
2446,80
2447,80
2448,80
2449,80
2450,80
2451,80
2452,80
2453,80
2454,80
2455,80
2456,80
2457,80
2458,80
2459,80
2460,80
2461,80
2462,80
2463,80
2464,81
2465,81
2466,81
2467,81
2468,81
2469,81
2470,81
2471,81
2472,81
2473,81
2474,81
2475,81
2476,81
2477,81
2478,81
2479,81
2480,81
2481,81
2482,81
2483,81
2484,82
2485,82
2486,82
2487,82
2488,82
2489,82
2490,82
2491,82
2492,82
2493,82
2494,82
2495,82
2496,82
2497,82
2498,82
2499,82
2500,82
2501,82
2502,82
2503,82
2504,83
2505,83
2506,83
2507,83
2508,83
2509,83
2510,83
2511,83
2512,83
2513,83
2514,83
2515,83
2516,83
2517,83
2518,83
2519,83
2520,83
2521,83
2522,83
2523,83
2524,84
2525,84
2526,84
2527,84
2528,84
2529,84
2530,84
2531,84
2532,84
2533,84
2534,84
2535,84
2536,84
2537,84
2538,84
2539,84
2540,84
2541,84
2542,84
2543,84
2544,85
2545,85
2546,85
2547,85
2548,85
2549,85
2550,85
2551,85
2552,85
2553,85
2554,85
2555,85
2556,85
2557,85
2558,85
2559,85
2560,85
2561,85
2562,85
2563,85
2564,86
2565,86
2566,86
2567,86
2568,86
2569,86
2570,86
2571,86
2572,86
2573,86
2574,86
2575,86
2576,86
2577,86
2578,86
2579,86
2580,86
2581,86
2582,86
2583,86
2584,87
2585,87
2586,87
2587,87
2588,87
2589,87
2590,87
2591,87
2592,87
2593,87
2594,87
2595,87
2596,87
2597,87
2598,87
2599,87
2600,87
2601,87
2602,87
2603,87
2604,88
2605,88
2606,88
2607,88
2608,88
2609,88
2610,88
2611,88
2612,88
2613,88
2614,88
2615,88
2616,88
2617,88
2618,88
2619,88
2620,88
2621,88
2622,88
2623,88
2624,89
2625,89
2626,89
2627,89
2628,89
2629,89
2630,89
2631,89
2632,89
2633,89
2634,89
2635,89
2636,89
2637,89
2638,89
2639,89
2640,89
2641,89
2642,89
2643,89
2644,90
2645,90
2646,90
2647,90
2648,90
2649,90
2650,90
2651,90
2652,90
2653,90
2654,90
2655,90
2656,90
2657,90
2658,90
2659,90
2660,90
2661,90
2662,90
2663,90
2664,91
2665,91
2666,91
2667,91
2668,91
2669,91
2670,91
2671,91
2672,91
2673,91
2674,91
2675,91
2676,91
2677,91
2678,91
2679,91
2680,91
2681,91
2682,91
2683,91
2684,92
2685,92
2686,92
2687,92
2688,92
2689,92
2690,92
2691,92
2692,92
2693,92
2694,92
2695,92
2696,92
2697,92
2698,92
2699,92
2700,92
2701,92
2702,92
2703,92
2704,93
2705,93
2706,93
2707,93
2708,93
2709,93
2710,93
2711,93
2712,93
2713,93
2714,93
2715,93
2716,93
2717,93
2718,93
2719,93
2720,93
2721,93
2722,93
2723,93
2724,94
2725,94
2726,94
2727,94
2728,94
2729,94
2730,94
2731,94
2732,94
2733,94
2734,94
2735,94
2736,94
2737,94
2738,94
2739,94
2740,94
2741,94
2742,94
2743,94
2744,95
2745,95
2746,95
2747,95
2748,95
2749,95
2750,95
2751,95
2752,95
2753,95
2754,95
2755,95
2756,95
2757,95
2758,95
2759,95
2760,95
2761,95
2762,95
2763,95
2764,96
2765,96
2766,96
2767,96
2768,96
2769,96
2770,96
2771,96
2772,96
2773,96
2774,96
2775,96
2776,96
2777,96
2778,96
2779,96
2780,96
2781,96
2782,96
2783,96
2784,97
2785,97
2786,97
2787,97
2788,97
2789,97
2790,97
2791,97
2792,97
2793,97
2794,97
2795,97
2796,97
2797,97
2798,97
2799,97
2800,97
2801,97
2802,97
2803,97
2804,98
2805,98
2806,98
2807,98
2808,98
2809,98
2810,98
2811,98
2812,98
2813,98
2814,98
2815,98
2816,98
2817,98
2818,98
2819,98
2820,98
2821,98
2822,98
2823,98
2824,0
2825,0
2826,0
2827,0
2828,0
2829,0
2830,0
2831,0
2832,0
2833,0
2834,0
2835,0
2836,0
2837,0
2838,0
2839,0
2840,0
2841,0
2842,0
2843,0
2844,1
2845,1
2846,1
2847,1
2848,1
2849,1
2850,1
2851,1
2852,1
2853,1
2854,1
2855,1
2856,1
2857,1
2858,1
2859,1
2860,1
2861,1
2862,1
2863,1
2864,2
2865,2
2866,2
2867,2
2868,2
2869,2
2870,2
2871,2
2872,2
2873,2
2874,2
2875,2
2876,2
2877,2
2878,2
2879,2
2880,2
2881,2
2882,2
2883,2
2884,3
2885,3
2886,3
2887,3
2888,3
2889,3
2890,3
2891,3
2892,3
2893,3
2894,3
2895,3
2896,3
2897,3
2898,3
2899,3
2900,3
2901,3
2902,3
2903,3
2904,4
2905,4
2906,4
2907,4
2908,4
2909,4
2910,4
2911,4
2912,4
2913,4
2914,4
2915,4
2916,4
2917,4
2918,4
2919,4
2920,4
2921,4
2922,4
2923,4
2924,5
2925,5
2926,5
2927,5
2928,5
2929,5
2930,5
2931,5
2932,5
2933,5
2934,5
2935,5
2936,5
2937,5
2938,5
2939,5
2940,5
2941,5
2942,5
2943,5
2944,6
2945,6
2946,6
2947,6
2948,6
2949,6
2950,6
2951,6
2952,6
2953,6
2954,6
2955,6
2956,6
2957,6
2958,6
2959,6
2960,6
2961,6
2962,6
2963,6
2964,7
2965,7
2966,7
2967,7
2968,7
2969,7
2970,7
2971,7
2972,7
2973,7
2974,7
2975,7
2976,7
2977,7
2978,7
2979,7
2980,7
2981,7
2982,7
2983,7
2984,8
2985,8
2986,8
2987,8
2988,8
2989,8
2990,8
2991,8
2992,8
2993,8
2994,8
2995,8
2996,8
2997,8
2998,8
2999,8
3000,8
3001,8
3002,8
3003,8
3004,9
3005,9
3006,9
3007,9
3008,9
3009,9
3010,9
3011,9
3012,9
3013,9
3014,9
3015,9
3016,9
3017,9
3018,9
3019,9
3020,9
3021,9
3022,9
3023,9
3024,0
3025,0
3026,0
3027,0
3028,0
3029,0
3030,0
3031,0
3032,0
3033,0
3034,0
3035,0
3036,0
3037,0
3038,0
3039,0
3040,0
3041,0
3042,0
3043,0
3044,1
3045,1
3046,1
3047,1
3048,1
3049,1
3050,1
3051,1
3052,1
3053,1
3054,1
3055,1
3056,1
3057,1
3058,1
3059,1
3060,1
3061,1
3062,1
3063,1
3064,2
3065,2
3066,2
3067,2
3068,2
3069,2
3070,2
3071,2
3072,2
3073,2
3074,2
3075,2
3076,2
3077,2
3078,2
3079,2
3080,2
3081,2
3082,2
3083,2
3084,3
3085,3
3086,3
3087,3
3088,3
3089,3
3090,3
3091,3
3092,3
3093,3
3094,3
3095,3
3096,3
3097,3
3098,3
3099,3
3100,3
3101,3
3102,3
3103,3
3104,4
3105,4
3106,4
3107,4
3108,4
3109,4
3110,4
3111,4
3112,4
3113,4
3114,4
3115,4
3116,4
3117,4
3118,4
3119,4
3120,4
3121,4
3122,4
3123,4
3124,5
3125,5
3126,5
3127,5
3128,5
3129,5
3130,5
3131,5
3132,5
3133,5
3134,5
3135,5
3136,5
3137,5
3138,5
3139,5
3140,5
3141,5
3142,5
3143,5
3144,6
3145,6
3146,6
3147,6
3148,6
3149,6
3150,6
3151,6
3152,6
3153,6
3154,6
3155,6
3156,6
3157,6
3158,6
3159,6
3160,6
3161,6
3162,6
3163,6
3164,7
3165,7
3166,7
3167,7
3168,7
3169,7
3170,7
3171,7
3172,7
3173,7
3174,7
3175,7
3176,7
3177,7
3178,7
3179,7
3180,7
3181,7
3182,7
3183,7
3184,8
3185,8
3186,8
3187,8
3188,8
3189,8
3190,8
3191,8
3192,8
3193,8
3194,8
3195,8
3196,8
3197,8
3198,8
3199,8
3200,8
3201,8
3202,8
3203,8
3204,9
3205,9
3206,9
3207,9
3208,9
3209,9
3210,9
3211,9
3212,9
3213,9
3214,9
3215,9
3216,9
3217,9
3218,9
3219,9
3220,9
3221,9
3222,9
3223,9
3224,10
3225,10
3226,10
3227,10
3228,10
3229,10
3230,10
3231,10
3232,10
3233,10
3234,10
3235,10
3236,10
3237,10
3238,10
3239,10
3240,10
3241,10
3242,10
3243,10
3244,11
3245,11
3246,11
3247,11
3248,11
3249,11
3250,11
3251,11
3252,11
3253,11
3254,11
3255,11
3256,11
3257,11
3258,11
3259,11
3260,11
3261,11
3262,11
3263,11
3264,12
3265,12
3266,12
3267,12
3268,12
3269,12
3270,12
3271,12
3272,12
3273,12
3274,12
3275,12
3276,12
3277,12
3278,12
3279,12
3280,12
3281,12
3282,12
3283,12
3284,13
3285,13
3286,13
3287,13
3288,13
3289,13
3290,13
3291,13
3292,13
3293,13
3294,13
3295,13
3296,13
3297,13
3298,13
3299,13
3300,13
3301,13
3302,13
3303,13
3304,14
3305,14
3306,14
3307,14
3308,14
3309,14
3310,14
3311,14
3312,14
3313,14
3314,14
3315,14
3316,14
3317,14
3318,14
3319,14
3320,14
3321,14
3322,14
3323,14
3324,15
3325,15
3326,15
3327,15
3328,15
3329,15
3330,15
3331,15
3332,15
3333,15
3334,15
3335,15
3336,15
3337,15
3338,15
3339,15
3340,15
3341,15
3342,15
3343,15
3344,16
3345,16
3346,16
3347,16
3348,16
3349,16
3350,16
3351,16
3352,16
3353,16
3354,16
3355,16
3356,16
3357,16
3358,16
3359,16
3360,16
3361,16
3362,16
3363,16
3364,17
3365,17
3366,17
3367,17
3368,17
3369,17
3370,17
3371,17
3372,17
3373,17
3374,17
3375,17
3376,17
3377,17
3378,17
3379,17
3380,17
3381,17
3382,17
3383,17
3384,18
3385,18
3386,18
3387,18
3388,18
3389,18
3390,18
3391,18
3392,18
3393,18
3394,18
3395,18
3396,18
3397,18
3398,18
3399,18
3400,18
3401,18
3402,18
3403,18
3404,19
3405,19
3406,19
3407,19
3408,19
3409,19
3410,19
3411,19
3412,19
3413,19
3414,19
3415,19
3416,19
3417,19
3418,19
3419,19
3420,19
3421,19
3422,19
3423,19
3424,20
3425,20
3426,20
3427,20
3428,20
3429,20
3430,20
3431,20
3432,20
3433,20
3434,20
3435,20
3436,20
3437,20
3438,20
3439,20
3440,20
3441,20
3442,20
3443,20
3444,21
3445,21
3446,21
3447,21
3448,21
3449,21
3450,21
3451,21
3452,21
3453,21
3454,21
3455,21
3456,21
3457,21
3458,21
3459,21
3460,21
3461,21
3462,21
3463,21
3464,22
3465,22
3466,22
3467,22
3468,22
3469,22
3470,22
3471,22
3472,22
3473,22
3474,22
3475,22
3476,22
3477,22
3478,22
3479,22
3480,22
3481,22
3482,22
3483,22
3484,23
3485,23
3486,23
3487,23
3488,23
3489,23
3490,23
3491,23
3492,23
3493,23
3494,23
3495,23
3496,23
3497,23
3498,23
3499,23
3500,23
3501,23
3502,23
3503,23
3504,24
3505,24
3506,24
3507,24
3508,24
3509,24
3510,24
3511,24
3512,24
3513,24
3514,24
3515,24
3516,24
3517,24
3518,24
3519,24
3520,24
3521,24
3522,24
3523,24
3524,25
3525,25
3526,25
3527,25
3528,25
3529,25
3530,25
3531,25
3532,25
3533,25
3534,25
3535,25
3536,25
3537,25
3538,25
3539,25
3540,25
3541,25
3542,25
3543,25
3544,26
3545,26
3546,26
3547,26
3548,26
3549,26
3550,26
3551,26
3552,26
3553,26
3554,26
3555,26
3556,26
3557,26
3558,26
3559,26
3560,26
3561,26
3562,26
3563,26
3564,27
3565,27
3566,27
3567,27
3568,27
3569,27
3570,27
3571,27
3572,27
3573,27
3574,27
3575,27
3576,27
3577,27
3578,27
3579,27
3580,27
3581,27
3582,27
3583,27
3584,28
3585,28
3586,28
3587,28
3588,28
3589,28
3590,28
3591,28
3592,28
3593,28
3594,28
3595,28
3596,28
3597,28
3598,28
3599,28
3600,28
3601,28
3602,28
3603,28
3604,29
3605,29
3606,29
3607,29
3608,29
3609,29
3610,29
3611,29
3612,29
3613,29
3614,29
3615,29
3616,29
3617,29
3618,29
3619,29
3620,29
3621,29
3622,29
3623,29
3624,30
3625,30
3626,30
3627,30
3628,30
3629,30
3630,30
3631,30
3632,30
3633,30
3634,30
3635,30
3636,30
3637,30
3638,30
3639,30
3640,30
3641,30
3642,30
3643,30
3644,31
3645,31
3646,31
3647,31
3648,31
3649,31
3650,31
3651,31
3652,31
3653,31
3654,31
3655,31
3656,31
3657,31
3658,31
3659,31
3660,31
3661,31
3662,31
3663,31
3664,32
3665,32
3666,32
3667,32
3668,32
3669,32
3670,32
3671,32
3672,32
3673,32
3674,32
3675,32
3676,32
3677,32
3678,32
3679,32
3680,32
3681,32
3682,32
3683,32
3684,33
3685,33
3686,33
3687,33
3688,33
3689,33
3690,33
3691,33
3692,33
3693,33
3694,33
3695,33
3696,33
3697,33
3698,33
3699,33
3700,33
3701,33
3702,33
3703,33
3704,34
3705,34
3706,34
3707,34
3708,34
3709,34
3710,34
3711,34
3712,34
3713,34
3714,34
3715,34
3716,34
3717,34
3718,34
3719,34
3720,34
3721,34
3722,34
3723,34
3724,35
3725,35
3726,35
3727,35
3728,35
3729,35
3730,35
3731,35
3732,35
3733,35
3734,35
3735,35
3736,35
3737,35
3738,35
3739,35
3740,35
3741,35
3742,35
3743,35
3744,36
3745,36
3746,36
3747,36
3748,36
3749,36
3750,36
3751,36
3752,36
3753,36
3754,36
3755,36
3756,36
3757,36
3758,36
3759,36
3760,36
3761,36
3762,36
3763,36
3764,37
3765,37
3766,37
3767,37
3768,37
3769,37
3770,37
3771,37
3772,37
3773,37
3774,37
3775,37
3776,37
3777,37
3778,37
3779,37
3780,37
3781,37
3782,37
3783,37
3784,38
3785,38
3786,38
3787,38
3788,38
3789,38
3790,38
3791,38
3792,38
3793,38
3794,38
3795,38
3796,38
3797,38
3798,38
3799,38
3800,38
3801,38
3802,38
3803,38
3804,39
3805,39
3806,39
3807,39
3808,39
3809,39
3810,39
3811,39
3812,39
3813,39
3814,39
3815,39
3816,39
3817,39
3818,39
3819,39
3820,39
3821,39
3822,39
3823,39
3824,0
3825,0
3826,0
3827,0
3828,0
3829,0
3830,0
3831,0
3832,0
3833,0
3834,0
3835,0
3836,0
3837,0
3838,0
3839,0
3840,0
3841,0
3842,0
3843,0
3844,1
3845,1
3846,1
3847,1
3848,1
3849,1
3850,1
3851,1
3852,1
3853,1
3854,1
3855,1
3856,1
3857,1
3858,1
3859,1
3860,1
3861,1
3862,1
3863,1
3864,2
3865,2
3866,2
3867,2
3868,2
3869,2
3870,2
3871,2
3872,2
3873,2
3874,2
3875,2
3876,2
3877,2
3878,2
3879,2
3880,2
3881,2
3882,2
3883,2
3884,3
3885,3
3886,3
3887,3
3888,3
3889,3
3890,3
3891,3
3892,3
3893,3
3894,3
3895,3
3896,3
3897,3
3898,3
3899,3
3900,3
3901,3
3902,3
3903,3
3904,4
3905,4
3906,4
3907,4
3908,4
3909,4
3910,4
3911,4
3912,4
3913,4
3914,4
3915,4
3916,4
3917,4
3918,4
3919,4
3920,4
3921,4
3922,4
3923,4
3924,5
3925,5
3926,5
3927,5
3928,5
3929,5
3930,5
3931,5
3932,5
3933,5
3934,5
3935,5
3936,5
3937,5
3938,5
3939,5
3940,5
3941,5
3942,5
3943,5
3944,6
3945,6
3946,6
3947,6
3948,6
3949,6
3950,6
3951,6
3952,6
3953,6
3954,6
3955,6
3956,6
3957,6
3958,6
3959,6
3960,6
3961,6
3962,6
3963,6
3964,7
3965,7
3966,7
3967,7
3968,7
3969,7
3970,7
3971,7
3972,7
3973,7
3974,7
3975,7
3976,7
3977,7
3978,7
3979,7
3980,7
3981,7
3982,7
3983,7
3984,8
3985,8
3986,8
3987,8
3988,8
3989,8
3990,8
3991,8
3992,8
3993,8
3994,8
3995,8
3996,8
3997,8
3998,8
3999,8
4000,8
4001,8
4002,8
4003,8
4004,9
4005,9
4006,9
4007,9
4008,9
4009,9
4010,9
4011,9
4012,9
4013,9
4014,9
4015,9
4016,9
4017,9
4018,9
4019,9
4020,9
4021,9
4022,9
4023,9
4024,10
4025,10
4026,10
4027,10
4028,10
4029,10
4030,10
4031,10
4032,10
4033,10
4034,10
4035,10
4036,10
4037,10
4038,10
4039,10
4040,10
4041,10
4042,10
4043,10
4044,11
4045,11
4046,11
4047,11
4048,11
4049,11
4050,11
4051,11
4052,11
4053,11
4054,11
4055,11
4056,11
4057,11
4058,11
4059,11
4060,11
4061,11
4062,11
4063,11
4064,12
4065,12
4066,12
4067,12
4068,12
4069,12
4070,12
4071,12
4072,12
4073,12
4074,12
4075,12
4076,12
4077,12
4078,12
4079,12
4080,12
4081,12
4082,12
4083,12
4084,13
4085,13
4086,13
4087,13
4088,13
4089,13
4090,13
4091,13
4092,13
4093,13
4094,13
4095,13
4096,13
4097,13
4098,13
4099,13
4100,13
4101,13
4102,13
4103,13
4104,14
4105,14
4106,14
4107,14
4108,14
4109,14
4110,14
4111,14
4112,14
4113,14
4114,14
4115,14
4116,14
4117,14
4118,14
4119,14
4120,14
4121,14
4122,14
4123,14
4124,15
4125,15
4126,15
4127,15
4128,15
4129,15
4130,15
4131,15
4132,15
4133,15
4134,15
4135,15
4136,15
4137,15
4138,15
4139,15
4140,15
4141,15
4142,15
4143,15
4144,16
4145,16
4146,16
4147,16
4148,16
4149,16
4150,16
4151,16
4152,16
4153,16
4154,16
4155,16
4156,16
4157,16
4158,16
4159,16
4160,16
4161,16
4162,16
4163,16
4164,17
4165,17
4166,17
4167,17
4168,17
4169,17
4170,17
4171,17
4172,17
4173,17
4174,17
4175,17
4176,17
4177,17
4178,17
4179,17
4180,17
4181,17
4182,17
4183,17
4184,18
4185,18
4186,18
4187,18
4188,18
4189,18
4190,18
4191,18
4192,18
4193,18
4194,18
4195,18
4196,18
4197,18
4198,18
4199,18
4200,18
4201,18
4202,18
4203,18
4204,19
4205,19
4206,19
4207,19
4208,19
4209,19
4210,19
4211,19
4212,19
4213,19
4214,19
4215,19
4216,19
4217,19
4218,19
4219,19
4220,19
4221,19
4222,19
4223,19
4224,20
4225,20
4226,20
4227,20
4228,20
4229,20
4230,20
4231,20
4232,20
4233,20
4234,20
4235,20
4236,20
4237,20
4238,20
4239,20
4240,20
4241,20
4242,20
4243,20
4244,21
4245,21
4246,21
4247,21
4248,21
4249,21
4250,21
4251,21
4252,21
4253,21
4254,21
4255,21
4256,21
4257,21
4258,21
4259,21
4260,21
4261,21
4262,21
4263,21
4264,22
4265,22
4266,22
4267,22
4268,22
4269,22
4270,22
4271,22
4272,22
4273,22
4274,22
4275,22
4276,22
4277,22
4278,22
4279,22
4280,22
4281,22
4282,22
4283,22
4284,23
4285,23
4286,23
4287,23
4288,23
4289,23
4290,23
4291,23
4292,23
4293,23
4294,23
4295,23
4296,23
4297,23
4298,23
4299,23
4300,23
4301,23
4302,23
4303,23
4304,24
4305,24
4306,24
4307,24
4308,24
4309,24
4310,24
4311,24
4312,24
4313,24
4314,24
4315,24
4316,24
4317,24
4318,24
4319,24
4320,24
4321,24
4322,24
4323,24
4324,25
4325,25
4326,25
4327,25
4328,25
4329,25
4330,25
4331,25
4332,25
4333,25
4334,25
4335,25
4336,25
4337,25
4338,25
4339,25
4340,25
4341,25
4342,25
4343,25
4344,26
4345,26
4346,26
4347,26
4348,26
4349,26
4350,26
4351,26
4352,26
4353,26
4354,26
4355,26
4356,26
4357,26
4358,26
4359,26
4360,26
4361,26
4362,26
4363,26
4364,27
4365,27
4366,27
4367,27
4368,27
4369,27
4370,27
4371,27
4372,27
4373,27
4374,27
4375,27
4376,27
4377,27
4378,27
4379,27
4380,27
4381,27
4382,27
4383,27
4384,28
4385,28
4386,28
4387,28
4388,28
4389,28
4390,28
4391,28
4392,28
4393,28
4394,28
4395,28
4396,28
4397,28
4398,28
4399,28
4400,28
4401,28
4402,28
4403,28
4404,29
4405,29
4406,29
4407,29
4408,29
4409,29
4410,29
4411,29
4412,29
4413,29
4414,29
4415,29
4416,29
4417,29
4418,29
4419,29
4420,29
4421,29
4422,29
4423,29
4424,30
4425,30
4426,30
4427,30
4428,30
4429,30
4430,30
4431,30
4432,30
4433,30
4434,30
4435,30
4436,30
4437,30
4438,30
4439,30
4440,30
4441,30
4442,30
4443,30
4444,31
4445,31
4446,31
4447,31
4448,31
4449,31
4450,31
4451,31
4452,31
4453,31
4454,31
4455,31
4456,31
4457,31
4458,31
4459,31
4460,31
4461,31
4462,31
4463,31
4464,32
4465,32
4466,32
4467,32
4468,32
4469,32
4470,32
4471,32
4472,32
4473,32
4474,32
4475,32
4476,32
4477,32
4478,32
4479,32
4480,32
4481,32
4482,32
4483,32
4484,33
4485,33
4486,33
4487,33
4488,33
4489,33
4490,33
4491,33
4492,33
4493,33
4494,33
4495,33
4496,33
4497,33
4498,33
4499,33
4500,33
4501,33
4502,33
4503,33
4504,34
4505,34
4506,34
4507,34
4508,34
4509,34
4510,34
4511,34
4512,34
4513,34
4514,34
4515,34
4516,34
4517,34
4518,34
4519,34
4520,34
4521,34
4522,34
4523,34
4524,35
4525,35
4526,35
4527,35
4528,35
4529,35
4530,35
4531,35
4532,35
4533,35
4534,35
4535,35
4536,35
4537,35
4538,35
4539,35
4540,35
4541,35
4542,35
4543,35
4544,36
4545,36
4546,36
4547,36
4548,36
4549,36
4550,36
4551,36
4552,36
4553,36
4554,36
4555,36
4556,36
4557,36
4558,36
4559,36
4560,36
4561,36
4562,36
4563,36
4564,37
4565,37
4566,37
4567,37
4568,37
4569,37
4570,37
4571,37
4572,37
4573,37
4574,37
4575,37
4576,37
4577,37
4578,37
4579,37
4580,37
4581,37
4582,37
4583,37
4584,38
4585,38
4586,38
4587,38
4588,38
4589,38
4590,38
4591,38
4592,38
4593,38
4594,38
4595,38
4596,38
4597,38
4598,38
4599,38
4600,38
4601,38
4602,38
4603,38
4604,39
4605,39
4606,39
4607,39
4608,39
4609,39
4610,39
4611,39
4612,39
4613,39
4614,39
4615,39
4616,39
4617,39
4618,39
4619,39
4620,39
4621,39
4622,39
4623,39
4624,40
4625,40
4626,40
4627,40
4628,40
4629,40
4630,40
4631,40
4632,40
4633,40
4634,40
4635,40
4636,40
4637,40
4638,40
4639,40
4640,40
4641,40
4642,40
4643,40
4644,41
4645,41
4646,41
4647,41
4648,41
4649,41
4650,41
4651,41
4652,41
4653,41
4654,41
4655,41
4656,41
4657,41
4658,41
4659,41
4660,41
4661,41
4662,41
4663,41
4664,42
4665,42
4666,42
4667,42
4668,42
4669,42
4670,42
4671,42
4672,42
4673,42
4674,42
4675,42
4676,42
4677,42
4678,42
4679,42
4680,42
4681,42
4682,42
4683,42
4684,43
4685,43
4686,43
4687,43
4688,43
4689,43
4690,43
4691,43
4692,43
4693,43
4694,43
4695,43
4696,43
4697,43
4698,43
4699,43
4700,43
4701,43
4702,43
4703,43
4704,44
4705,44
4706,44
4707,44
4708,44
4709,44
4710,44
4711,44
4712,44
4713,44
4714,44
4715,44
4716,44
4717,44
4718,44
4719,44
4720,44
4721,44
4722,44
4723,44
4724,45
4725,45
4726,45
4727,45
4728,45
4729,45
4730,45
4731,45
4732,45
4733,45
4734,45
4735,45
4736,45
4737,45
4738,45
4739,45
4740,45
4741,45
4742,45
4743,45
4744,46
4745,46
4746,46
4747,46
4748,46
4749,46
4750,46
4751,46
4752,46
4753,46
4754,46
4755,46
4756,46
4757,46
4758,46
4759,46
4760,46
4761,46
4762,46
4763,46
4764,47
4765,47
4766,47
4767,47
4768,47
4769,47
4770,47
4771,47
4772,47
4773,47
4774,47
4775,47
4776,47
4777,47
4778,47
4779,47
4780,47
4781,47
4782,47
4783,47
4784,48
4785,48
4786,48
4787,48
4788,48
4789,48
4790,48
4791,48
4792,48
4793,48
4794,48
4795,48
4796,48
4797,48
4798,48
4799,48
4800,48
4801,48
4802,48
4803,48
4804,49
4805,49
4806,49
4807,49
4808,49
4809,49
4810,49
4811,49
4812,49
4813,49
4814,49
4815,49
4816,49
4817,49
4818,49
4819,49
4820,49
4821,49
4822,49
4823,49
4824,50
4825,50
4826,50
4827,50
4828,50
4829,50
4830,50
4831,50
4832,50
4833,50
4834,50
4835,50
4836,50
4837,50
4838,50
4839,50
4840,50
4841,50
4842,50
4843,50
4844,51
4845,51
4846,51
4847,51
4848,51
4849,51
4850,51
4851,51
4852,51
4853,51
4854,51
4855,51
4856,51
4857,51
4858,51
4859,51
4860,51
4861,51
4862,51
4863,51
4864,52
4865,52
4866,52
4867,52
4868,52
4869,52
4870,52
4871,52
4872,52
4873,52
4874,52
4875,52
4876,52
4877,52
4878,52
4879,52
4880,52
4881,52
4882,52
4883,52
4884,53
4885,53
4886,53
4887,53
4888,53
4889,53
4890,53
4891,53
4892,53
4893,53
4894,53
4895,53
4896,53
4897,53
4898,53
4899,53
4900,53
4901,53
4902,53
4903,53
4904,54
4905,54
4906,54
4907,54
4908,54
4909,54
4910,54
4911,54
4912,54
4913,54
4914,54
4915,54
4916,54
4917,54
4918,54
4919,54
4920,54
4921,54
4922,54
4923,54
4924,55
4925,55
4926,55
4927,55
4928,55
4929,55
4930,55
4931,55
4932,55
4933,55
4934,55
4935,55
4936,55
4937,55
4938,55
4939,55
4940,55
4941,55
4942,55
4943,55
4944,56
4945,56
4946,56
4947,56
4948,56
4949,56
4950,56
4951,56
4952,56
4953,56
4954,56
4955,56
4956,56
4957,56
4958,56
4959,56
4960,56
4961,56
4962,56
4963,56
4964,57
4965,57
4966,57
4967,57
4968,57
4969,57
4970,57
4971,57
4972,57
4973,57
4974,57
4975,57
4976,57
4977,57
4978,57
4979,57
4980,57
4981,57
4982,57
4983,57
4984,58
4985,58
4986,58
4987,58
4988,58
4989,58
4990,58
4991,58
4992,58
4993,58
4994,58
4995,58
4996,58
4997,58
4998,58
4999,58
5000,58
5001,58
5002,58
5003,58
5004,59
5005,59
5006,59
5007,59
5008,59
5009,59
5010,59
5011,59
5012,59
5013,59
5014,59
5015,59
5016,59
5017,59
5018,59
5019,59
5020,59
5021,59
5022,59
5023,59
5024,60
5025,60
5026,60
5027,60
5028,60
5029,60
5030,60
5031,60
5032,60
5033,60
5034,60
5035,60
5036,60
5037,60
5038,60
5039,60
5040,60
5041,60
5042,60
5043,60
5044,61
5045,61
5046,61
5047,61
5048,61
5049,61
5050,61
5051,61
5052,61
5053,61
5054,61
5055,61
5056,61
5057,61
5058,61
5059,61
5060,61
5061,61
5062,61
5063,61
5064,62
5065,62
5066,62
5067,62
5068,62
5069,62
5070,62
5071,62
5072,62
5073,62
5074,62
5075,62
5076,62
5077,62
5078,62
5079,62
5080,62
5081,62
5082,62
5083,62
5084,63
5085,63
5086,63
5087,63
5088,63
5089,63
5090,63
5091,63
5092,63
5093,63
5094,63
5095,63
5096,63
5097,63
5098,63
5099,63
5100,63
5101,63
5102,63
5103,63
5104,64
5105,64
5106,64
5107,64
5108,64
5109,64
5110,64
5111,64
5112,64
5113,64
5114,64
5115,64
5116,64
5117,64
5118,64
5119,64
5120,64
5121,64
5122,64
5123,64
5124,65
5125,65
5126,65
5127,65
5128,65
5129,65
5130,65
5131,65
5132,65
5133,65
5134,65
5135,65
5136,65
5137,65
5138,65
5139,65
5140,65
5141,65
5142,65
5143,65
5144,66
5145,66
5146,66
5147,66
5148,66
5149,66
5150,66
5151,66
5152,66
5153,66
5154,66
5155,66
5156,66
5157,66
5158,66
5159,66
5160,66
5161,66
5162,66
5163,66
5164,67
5165,67
5166,67
5167,67
5168,67
5169,67
5170,67
5171,67
5172,67
5173,67
5174,67
5175,67
5176,67
5177,67
5178,67
5179,67
5180,67
5181,67
5182,67
5183,67
5184,68
5185,68
5186,68
5187,68
5188,68
5189,68
5190,68
5191,68
5192,68
5193,68
5194,68
5195,68
5196,68
5197,68
5198,68
5199,68
5200,68
5201,68
5202,68
5203,68
5204,69
5205,69
5206,69
5207,69
5208,69
5209,69
5210,69
5211,69
5212,69
5213,69
5214,69
5215,69
5216,69
5217,69
5218,69
5219,69
5220,69
5221,69
5222,69
5223,69
5224,70
5225,70
5226,70
5227,70
5228,70
5229,70
5230,70
5231,70
5232,70
5233,70
5234,70
5235,70
5236,70
5237,70
5238,70
5239,70
5240,70
5241,70
5242,70
5243,70
5244,71
5245,71
5246,71
5247,71
5248,71
5249,71
5250,71
5251,71
5252,71
5253,71
5254,71
5255,71
5256,71
5257,71
5258,71
5259,71
5260,71
5261,71
5262,71
5263,71
5264,72
5265,72
5266,72
5267,72
5268,72
5269,72
5270,72
5271,72
5272,72
5273,72
5274,72
5275,72
5276,72
5277,72
5278,72
5279,72
5280,72
5281,72
5282,72
5283,72
5284,73
5285,73
5286,73
5287,73
5288,73
5289,73
5290,73
5291,73
5292,73
5293,73
5294,73
5295,73
5296,73
5297,73
5298,73
5299,73
5300,73
5301,73
5302,73
5303,73
5304,74
5305,74
5306,74
5307,74
5308,74
5309,74
5310,74
5311,74
5312,74
5313,74
5314,74
5315,74
5316,74
5317,74
5318,74
5319,74
5320,74
5321,74
5322,74
5323,74
5324,75
5325,75
5326,75
5327,75
5328,75
5329,75
5330,75
5331,75
5332,75
5333,75
5334,75
5335,75
5336,75
5337,75
5338,75
5339,75
5340,75
5341,75
5342,75
5343,75
5344,76
5345,76
5346,76
5347,76
5348,76
5349,76
5350,76
5351,76
5352,76
5353,76
5354,76
5355,76
5356,76
5357,76
5358,76
5359,76
5360,76
5361,76
5362,76
5363,76
5364,77
5365,77
5366,77
5367,77
5368,77
5369,77
5370,77
5371,77
5372,77
5373,77
5374,77
5375,77
5376,77
5377,77
5378,77
5379,77
5380,77
5381,77
5382,77
5383,77
5384,78
5385,78
5386,78
5387,78
5388,78
5389,78
5390,78
5391,78
5392,78
5393,78
5394,78
5395,78
5396,78
5397,78
5398,78
5399,78
5400,78
5401,78
5402,78
5403,78
5404,79
5405,79
5406,79
5407,79
5408,79
5409,79
5410,79
5411,79
5412,79
5413,79
5414,79
5415,79
5416,79
5417,79
5418,79
5419,79
5420,79
5421,79
5422,79
5423,79
5424,80
5425,80
5426,80
5427,80
5428,80
5429,80
5430,80
5431,80
5432,80
5433,80
5434,80
5435,80
5436,80
5437,80
5438,80
5439,80
5440,80
5441,80
5442,80
5443,80
5444,81
5445,81
5446,81
5447,81
5448,81
5449,81
5450,81
5451,81
5452,81
5453,81
5454,81
5455,81
5456,81
5457,81
5458,81
5459,81
5460,81
5461,81
5462,81
5463,81
5464,82
5465,82
5466,82
5467,82
5468,82
5469,82
5470,82
5471,82
5472,82
5473,82
5474,82
5475,82
5476,82
5477,82
5478,82
5479,82
5480,82
5481,82
5482,82
5483,82
5484,83
5485,83
5486,83
5487,83
5488,83
5489,83
5490,83
5491,83
5492,83
5493,83
5494,83
5495,83
5496,83
5497,83
5498,83
5499,83
5500,83
5501,83
5502,83
5503,83
5504,84
5505,84
5506,84
5507,84
5508,84
5509,84
5510,84
5511,84
5512,84
5513,84
5514,84
5515,84
5516,84
5517,84
5518,84
5519,84
5520,84
5521,84
5522,84
5523,84
5524,85
5525,85
5526,85
5527,85
5528,85
5529,85
5530,85
5531,85
5532,85
5533,85
5534,85
5535,85
5536,85
5537,85
5538,85
5539,85
5540,85
5541,85
5542,85
5543,85
5544,86
5545,86
5546,86
5547,86
5548,86
5549,86
5550,86
5551,86
5552,86
5553,86
5554,86
5555,86
5556,86
5557,86
5558,86
5559,86
5560,86
5561,86
5562,86
5563,86
5564,87
5565,87
5566,87
5567,87
5568,87
5569,87
5570,87
5571,87
5572,87
5573,87
5574,87
5575,87
5576,87
5577,87
5578,87
5579,87
5580,87
5581,87
5582,87
5583,87
5584,88
5585,88
5586,88
5587,88
5588,88
5589,88
5590,88
5591,88
5592,88
5593,88
5594,88
5595,88
5596,88
5597,88
5598,88
5599,88
5600,88
5601,88
5602,88
5603,88
5604,89
5605,89
5606,89
5607,89
5608,89
5609,89
5610,89
5611,89
5612,89
5613,89
5614,89
5615,89
5616,89
5617,89
5618,89
5619,89
5620,89
5621,89
5622,89
5623,89
5624,90
5625,90
5626,90
5627,90
5628,90
5629,90
5630,90
5631,90
5632,90
5633,90
5634,90
5635,90
5636,90
5637,90
5638,90
5639,90
5640,90
5641,90
5642,90
5643,90
5644,91
5645,91
5646,91
5647,91
5648,91
5649,91
5650,91
5651,91
5652,91
5653,91
5654,91
5655,91
5656,91
5657,91
5658,91
5659,91
5660,91
5661,91
5662,91
5663,91
5664,92
5665,92
5666,92
5667,92
5668,92
5669,92
5670,92
5671,92
5672,92
5673,92
5674,92
5675,92
5676,92
5677,92
5678,92
5679,92
5680,92
5681,92
5682,92
5683,92
5684,93
5685,93
5686,93
5687,93
5688,93
5689,93
5690,93
5691,93
5692,93
5693,93
5694,93
5695,93
5696,93
5697,93
5698,93
5699,93
5700,93
5701,93
5702,93
5703,93
5704,94
5705,94
5706,94
5707,94
5708,94
5709,94
5710,94
5711,94
5712,94
5713,94
5714,94
5715,94
5716,94
5717,94
5718,94
5719,94
5720,94
5721,94
5722,94
5723,94
5724,95
5725,95
5726,95
5727,95
5728,95
5729,95
5730,95
5731,95
5732,95
5733,95
5734,95
5735,95
5736,95
5737,95
5738,95
5739,95
5740,95
5741,95
5742,95
5743,95
5744,96
5745,96
5746,96
5747,96
5748,96
5749,96
5750,96
5751,96
5752,96
5753,96
5754,96
5755,96
5756,96
5757,96
5758,96
5759,96
5760,96
5761,96
5762,96
5763,96
5764,97
5765,97
5766,97
5767,97
5768,97
5769,97
5770,97
5771,97
5772,97
5773,97
5774,97
5775,97
5776,97
5777,97
5778,97
5779,97
5780,97
5781,97
5782,97
5783,97
5784,98
5785,98
5786,98
5787,98
5788,98
5789,98
5790,98
5791,98
5792,98
5793,98
5794,98
5795,98
5796,98
5797,98
5798,98
5799,98
5800,98
5801,98
5802,98
5803,98
5804,0
5805,0
5806,0
5807,0
5808,0
5809,0
5810,0
5811,0
5812,0
5813,0
5814,0
5815,0
5816,0
5817,0
5818,0
5819,0
5820,0
5821,0
5822,0
5823,0
5824,1
5825,1
5826,1
5827,1
5828,1
5829,1
5830,1
5831,1
5832,1
5833,1
5834,1
5835,1
5836,1
5837,1
5838,1
5839,1
5840,1
5841,1
5842,1
5843,1
5844,2
5845,2
5846,2
5847,2
5848,2
5849,2
5850,2
5851,2
5852,2
5853,2
5854,2
5855,2
5856,2
5857,2
5858,2
5859,2
5860,2
5861,2
5862,2
5863,2
5864,3
5865,3
5866,3
5867,3
5868,3
5869,3
5870,3
5871,3
5872,3
5873,3
5874,3
5875,3
5876,3
5877,3
5878,3
5879,3
5880,3
5881,3
5882,3
5883,3
5884,4
5885,4
5886,4
5887,4
5888,4
5889,4
5890,4
5891,4
5892,4
5893,4
5894,4
5895,4
5896,4
5897,4
5898,4
5899,4
5900,4
5901,4
5902,4
5903,4
5904,5
5905,5
5906,5
5907,5
5908,5
5909,5
5910,5
5911,5
5912,5
5913,5
5914,5
5915,5
5916,5
5917,5
5918,5
5919,5
5920,5
5921,5
5922,5
5923,5
5924,6
5925,6
5926,6
5927,6
5928,6
5929,6
5930,6
5931,6
5932,6
5933,6
5934,6
5935,6
5936,6
5937,6
5938,6
5939,6
5940,6
5941,6
5942,6
5943,6
5944,7
5945,7
5946,7
5947,7
5948,7
5949,7
5950,7
5951,7
5952,7
5953,7
5954,7
5955,7
5956,7
5957,7
5958,7
5959,7
5960,7
5961,7
5962,7
5963,7
5964,8
5965,8
5966,8
5967,8
5968,8
5969,8
5970,8
5971,8
5972,8
5973,8
5974,8
5975,8
5976,8
5977,8
5978,8
5979,8
5980,8
5981,8
5982,8
5983,8
5984,9
5985,9
5986,9
5987,9
5988,9
5989,9
5990,9
5991,9
5992,9
5993,9
5994,9
5995,9
5996,9
5997,9
5998,9
5999,9
6000,9
6001,9
6002,9
6003,9
6004,0
6005,0
6006,0
6007,0
6008,0
6009,0
6010,0
6011,0
6012,0
6013,0
6014,0
6015,0
6016,0
6017,0
6018,0
6019,0
6020,0
6021,0
6022,0
6023,0
6024,1
6025,1
6026,1
6027,1
6028,1
6029,1
6030,1
6031,1
6032,1
6033,1
6034,1
6035,1
6036,1
6037,1
6038,1
6039,1
6040,1
6041,1
6042,1
6043,1
6044,2
6045,2
6046,2
6047,2
6048,2
6049,2
6050,2
6051,2
6052,2
6053,2
6054,2
6055,2
6056,2
6057,2
6058,2
6059,2
6060,2
6061,2
6062,2
6063,2
6064,3
6065,3
6066,3
6067,3
6068,3
6069,3
6070,3
6071,3
6072,3
6073,3
6074,3
6075,3
6076,3
6077,3
6078,3
6079,3
6080,3
6081,3
6082,3
6083,3
6084,4
6085,4
6086,4
6087,4
6088,4
6089,4
6090,4
6091,4
6092,4
6093,4
6094,4
6095,4
6096,4
6097,4
6098,4
6099,4
6100,4
6101,4
6102,4
6103,4
6104,5
6105,5
6106,5
6107,5
6108,5
6109,5
6110,5
6111,5
6112,5
6113,5
6114,5
6115,5
6116,5
6117,5
6118,5
6119,5
6120,5
6121,5
6122,5
6123,5
6124,6
6125,6
6126,6
6127,6
6128,6
6129,6
6130,6
6131,6
6132,6
6133,6
6134,6
6135,6
6136,6
6137,6
6138,6
6139,6
6140,6
6141,6
6142,6
6143,6
6144,7
6145,7
6146,7
6147,7
6148,7
6149,7
6150,7
6151,7
6152,7
6153,7
6154,7
6155,7
6156,7
6157,7
6158,7
6159,7
6160,7
6161,7
6162,7
6163,7
6164,8
6165,8
6166,8
6167,8
6168,8
6169,8
6170,8
6171,8
6172,8
6173,8
6174,8
6175,8
6176,8
6177,8
6178,8
6179,8
6180,8
6181,8
6182,8
6183,8
6184,9
6185,9
6186,9
6187,9
6188,9
6189,9
6190,9
6191,9
6192,9
6193,9
6194,9
6195,9
6196,9
6197,9
6198,9
6199,9
6200,9
6201,9
6202,9
6203,9
6204,10
6205,10
6206,10
6207,10
6208,10
6209,10
6210,10
6211,10
6212,10
6213,10
6214,10
6215,10
6216,10
6217,10
6218,10
6219,10
6220,10
6221,10
6222,10
6223,10
6224,11
6225,11
6226,11
6227,11
6228,11
6229,11
6230,11
6231,11
6232,11
6233,11
6234,11
6235,11
6236,11
6237,11
6238,11
6239,11
6240,11
6241,11
6242,11
6243,11
6244,12
6245,12
6246,12
6247,12
6248,12
6249,12
6250,12
6251,12
6252,12
6253,12
6254,12
6255,12
6256,12
6257,12
6258,12
6259,12
6260,12
6261,12
6262,12
6263,12
6264,13
6265,13
6266,13
6267,13
6268,13
6269,13
6270,13
6271,13
6272,13
6273,13
6274,13
6275,13
6276,13
6277,13
6278,13
6279,13
6280,13
6281,13
6282,13
6283,13
6284,14
6285,14
6286,14
6287,14
6288,14
6289,14
6290,14
6291,14
6292,14
6293,14
6294,14
6295,14
6296,14
6297,14
6298,14
6299,14
6300,14
6301,14
6302,14
6303,14
6304,15
6305,15
6306,15
6307,15
6308,15
6309,15
6310,15
6311,15
6312,15
6313,15
6314,15
6315,15
6316,15
6317,15
6318,15
6319,15
6320,15
6321,15
6322,15
6323,15
6324,16
6325,16
6326,16
6327,16
6328,16
6329,16
6330,16
6331,16
6332,16
6333,16
6334,16
6335,16
6336,16
6337,16
6338,16
6339,16
6340,16
6341,16
6342,16
6343,16
6344,17
6345,17
6346,17
6347,17
6348,17
6349,17
6350,17
6351,17
6352,17
6353,17
6354,17
6355,17
6356,17
6357,17
6358,17
6359,17
6360,17
6361,17
6362,17
6363,17
6364,18
6365,18
6366,18
6367,18
6368,18
6369,18
6370,18
6371,18
6372,18
6373,18
6374,18
6375,18
6376,18
6377,18
6378,18
6379,18
6380,18
6381,18
6382,18
6383,18
6384,19
6385,19
6386,19
6387,19
6388,19
6389,19
6390,19
6391,19
6392,19
6393,19
6394,19
6395,19
6396,19
6397,19
6398,19
6399,19
6400,19
6401,19
6402,19
6403,19
6404,20
6405,20
6406,20
6407,20
6408,20
6409,20
6410,20
6411,20
6412,20
6413,20
6414,20
6415,20
6416,20
6417,20
6418,20
6419,20
6420,20
6421,20
6422,20
6423,20
6424,21
6425,21
6426,21
6427,21
6428,21
6429,21
6430,21
6431,21
6432,21
6433,21
6434,21
6435,21
6436,21
6437,21
6438,21
6439,21
6440,21
6441,21
6442,21
6443,21
6444,22
6445,22
6446,22
6447,22
6448,22
6449,22
6450,22
6451,22
6452,22
6453,22
6454,22
6455,22
6456,22
6457,22
6458,22
6459,22
6460,22
6461,22
6462,22
6463,22
6464,23
6465,23
6466,23
6467,23
6468,23
6469,23
6470,23
6471,23
6472,23
6473,23
6474,23
6475,23
6476,23
6477,23
6478,23
6479,23
6480,23
6481,23
6482,23
6483,23
6484,24
6485,24
6486,24
6487,24
6488,24
6489,24
6490,24
6491,24
6492,24
6493,24
6494,24
6495,24
6496,24
6497,24
6498,24
6499,24
6500,24
6501,24
6502,24
6503,24
6504,25
6505,25
6506,25
6507,25
6508,25
6509,25
6510,25
6511,25
6512,25
6513,25
6514,25
6515,25
6516,25
6517,25
6518,25
6519,25
6520,25
6521,25
6522,25
6523,25
6524,26
6525,26
6526,26
6527,26
6528,26
6529,26
6530,26
6531,26
6532,26
6533,26
6534,26
6535,26
6536,26
6537,26
6538,26
6539,26
6540,26
6541,26
6542,26
6543,26
6544,27
6545,27
6546,27
6547,27
6548,27
6549,27
6550,27
6551,27
6552,27
6553,27
6554,27
6555,27
6556,27
6557,27
6558,27
6559,27
6560,27
6561,27
6562,27
6563,27
6564,28
6565,28
6566,28
6567,28
6568,28
6569,28
6570,28
6571,28
6572,28
6573,28
6574,28
6575,28
6576,28
6577,28
6578,28
6579,28
6580,28
6581,28
6582,28
6583,28
6584,29
6585,29
6586,29
6587,29
6588,29
6589,29
6590,29
6591,29
6592,29
6593,29
6594,29
6595,29
6596,29
6597,29
6598,29
6599,29
6600,29
6601,29
6602,29
6603,29
6604,30
6605,30
6606,30
6607,30
6608,30
6609,30
6610,30
6611,30
6612,30
6613,30
6614,30
6615,30
6616,30
6617,30
6618,30
6619,30
6620,30
6621,30
6622,30
6623,30
6624,31
6625,31
6626,31
6627,31
6628,31
6629,31
6630,31
6631,31
6632,31
6633,31
6634,31
6635,31
6636,31
6637,31
6638,31
6639,31
6640,31
6641,31
6642,31
6643,31
6644,32
6645,32
6646,32
6647,32
6648,32
6649,32
6650,32
6651,32
6652,32
6653,32
6654,32
6655,32
6656,32
6657,32
6658,32
6659,32
6660,32
6661,32
6662,32
6663,32
6664,33
6665,33
6666,33
6667,33
6668,33
6669,33
6670,33
6671,33
6672,33
6673,33
6674,33
6675,33
6676,33
6677,33
6678,33
6679,33
6680,33
6681,33
6682,33
6683,33
6684,34
6685,34
6686,34
6687,34
6688,34
6689,34
6690,34
6691,34
6692,34
6693,34
6694,34
6695,34
6696,34
6697,34
6698,34
6699,34
6700,34
6701,34
6702,34
6703,34
6704,35
6705,35
6706,35
6707,35
6708,35
6709,35
6710,35
6711,35
6712,35
6713,35
6714,35
6715,35
6716,35
6717,35
6718,35
6719,35
6720,35
6721,35
6722,35
6723,35
6724,36
6725,36
6726,36
6727,36
6728,36
6729,36
6730,36
6731,36
6732,36
6733,36
6734,36
6735,36
6736,36
6737,36
6738,36
6739,36
6740,36
6741,36
6742,36
6743,36
6744,37
6745,37
6746,37
6747,37
6748,37
6749,37
6750,37
6751,37
6752,37
6753,37
6754,37
6755,37
6756,37
6757,37
6758,37
6759,37
6760,37
6761,37
6762,37
6763,37
6764,38
6765,38
6766,38
6767,38
6768,38
6769,38
6770,38
6771,38
6772,38
6773,38
6774,38
6775,38
6776,38
6777,38
6778,38
6779,38
6780,38
6781,38
6782,38
6783,38
6784,39
6785,39
6786,39
6787,39
6788,39
6789,39
6790,39
6791,39
6792,39
6793,39
6794,39
6795,39
6796,39
6797,39
6798,39
6799,39
6800,39
6801,39
6802,39
6803,39
6804,0
6805,0
6806,0
6807,0
6808,0
6809,0
6810,0
6811,0
6812,0
6813,0
6814,0
6815,0
6816,0
6817,0
6818,0
6819,0
6820,0
6821,0
6822,0
6823,0
6824,1
6825,1
6826,1
6827,1
6828,1
6829,1
6830,1
6831,1
6832,1
6833,1
6834,1
6835,1
6836,1
6837,1
6838,1
6839,1
6840,1
6841,1
6842,1
6843,1
6844,2
6845,2
6846,2
6847,2
6848,2
6849,2
6850,2
6851,2
6852,2
6853,2
6854,2
6855,2
6856,2
6857,2
6858,2
6859,2
6860,2
6861,2
6862,2
6863,2
6864,3
6865,3
6866,3
6867,3
6868,3
6869,3
6870,3
6871,3
6872,3
6873,3
6874,3
6875,3
6876,3
6877,3
6878,3
6879,3
6880,3
6881,3
6882,3
6883,3
6884,4
6885,4
6886,4
6887,4
6888,4
6889,4
6890,4
6891,4
6892,4
6893,4
6894,4
6895,4
6896,4
6897,4
6898,4
6899,4
6900,4
6901,4
6902,4
6903,4
6904,5
6905,5
6906,5
6907,5
6908,5
6909,5
6910,5
6911,5
6912,5
6913,5
6914,5
6915,5
6916,5
6917,5
6918,5
6919,5
6920,5
6921,5
6922,5
6923,5
6924,6
6925,6
6926,6
6927,6
6928,6
6929,6
6930,6
6931,6
6932,6
6933,6
6934,6
6935,6
6936,6
6937,6
6938,6
6939,6
6940,6
6941,6
6942,6
6943,6
6944,7
6945,7
6946,7
6947,7
6948,7
6949,7
6950,7
6951,7
6952,7
6953,7
6954,7
6955,7
6956,7
6957,7
6958,7
6959,7
6960,7
6961,7
6962,7
6963,7
6964,8
6965,8
6966,8
6967,8
6968,8
6969,8
6970,8
6971,8
6972,8
6973,8
6974,8
6975,8
6976,8
6977,8
6978,8
6979,8
6980,8
6981,8
6982,8
6983,8
6984,9
6985,9
6986,9
6987,9
6988,9
6989,9
6990,9
6991,9
6992,9
6993,9
6994,9
6995,9
6996,9
6997,9
6998,9
6999,9
7000,9
7001,9
7002,9
7003,9
7004,10
7005,10
7006,10
7007,10
7008,10
7009,10
7010,10
7011,10
7012,10
7013,10
7014,10
7015,10
7016,10
7017,10
7018,10
7019,10
7020,10
7021,10
7022,10
7023,10
7024,11
7025,11
7026,11
7027,11
7028,11
7029,11
7030,11
7031,11
7032,11
7033,11
7034,11
7035,11
7036,11
7037,11
7038,11
7039,11
7040,11
7041,11
7042,11
7043,11
7044,12
7045,12
7046,12
7047,12
7048,12
7049,12
7050,12
7051,12
7052,12
7053,12
7054,12
7055,12
7056,12
7057,12
7058,12
7059,12
7060,12
7061,12
7062,12
7063,12
7064,13
7065,13
7066,13
7067,13
7068,13
7069,13
7070,13
7071,13
7072,13
7073,13
7074,13
7075,13
7076,13
7077,13
7078,13
7079,13
7080,13
7081,13
7082,13
7083,13
7084,14
7085,14
7086,14
7087,14
7088,14
7089,14
7090,14
7091,14
7092,14
7093,14
7094,14
7095,14
7096,14
7097,14
7098,14
7099,14
7100,14
7101,14
7102,14
7103,14
7104,15
7105,15
7106,15
7107,15
7108,15
7109,15
7110,15
7111,15
7112,15
7113,15
7114,15
7115,15
7116,15
7117,15
7118,15
7119,15
7120,15
7121,15
7122,15
7123,15
7124,16
7125,16
7126,16
7127,16
7128,16
7129,16
7130,16
7131,16
7132,16
7133,16
7134,16
7135,16
7136,16
7137,16
7138,16
7139,16
7140,16
7141,16
7142,16
7143,16
7144,17
7145,17
7146,17
7147,17
7148,17
7149,17
7150,17
7151,17
7152,17
7153,17
7154,17
7155,17
7156,17
7157,17
7158,17
7159,17
7160,17
7161,17
7162,17
7163,17
7164,18
7165,18
7166,18
7167,18
7168,18
7169,18
7170,18
7171,18
7172,18
7173,18
7174,18
7175,18
7176,18
7177,18
7178,18
7179,18
7180,18
7181,18
7182,18
7183,18
7184,19
7185,19
7186,19
7187,19
7188,19
7189,19
7190,19
7191,19
7192,19
7193,19
7194,19
7195,19
7196,19
7197,19
7198,19
7199,19
7200,19
7201,19
7202,19
7203,19
7204,20
7205,20
7206,20
7207,20
7208,20
7209,20
7210,20
7211,20
7212,20
7213,20
7214,20
7215,20
7216,20
7217,20
7218,20
7219,20
7220,20
7221,20
7222,20
7223,20
7224,21
7225,21
7226,21
7227,21
7228,21
7229,21
7230,21
7231,21
7232,21
7233,21
7234,21
7235,21
7236,21
7237,21
7238,21
7239,21
7240,21
7241,21
7242,21
7243,21
7244,22
7245,22
7246,22
7247,22
7248,22
7249,22
7250,22
7251,22
7252,22
7253,22
7254,22
7255,22
7256,22
7257,22
7258,22
7259,22
7260,22
7261,22
7262,22
7263,22
7264,23
7265,23
7266,23
7267,23
7268,23
7269,23
7270,23
7271,23
7272,23
7273,23
7274,23
7275,23
7276,23
7277,23
7278,23
7279,23
7280,23
7281,23
7282,23
7283,23
7284,24
7285,24
7286,24
7287,24
7288,24
7289,24
7290,24
7291,24
7292,24
7293,24
7294,24
7295,24
7296,24
7297,24
7298,24
7299,24
7300,24
7301,24
7302,24
7303,24
7304,25
7305,25
7306,25
7307,25
7308,25
7309,25
7310,25
7311,25
7312,25
7313,25
7314,25
7315,25
7316,25
7317,25
7318,25
7319,25
7320,25
7321,25
7322,25
7323,25
7324,26
7325,26
7326,26
7327,26
7328,26
7329,26
7330,26
7331,26
7332,26
7333,26
7334,26
7335,26
7336,26
7337,26
7338,26
7339,26
7340,26
7341,26
7342,26
7343,26
7344,27
7345,27
7346,27
7347,27
7348,27
7349,27
7350,27
7351,27
7352,27
7353,27
7354,27
7355,27
7356,27
7357,27
7358,27
7359,27
7360,27
7361,27
7362,27
7363,27
7364,28
7365,28
7366,28
7367,28
7368,28
7369,28
7370,28
7371,28
7372,28
7373,28
7374,28
7375,28
7376,28
7377,28
7378,28
7379,28
7380,28
7381,28
7382,28
7383,28
7384,29
7385,29
7386,29
7387,29
7388,29
7389,29
7390,29
7391,29
7392,29
7393,29
7394,29
7395,29
7396,29
7397,29
7398,29
7399,29
7400,29
7401,29
7402,29
7403,29
7404,30
7405,30
7406,30
7407,30
7408,30
7409,30
7410,30
7411,30
7412,30
7413,30
7414,30
7415,30
7416,30
7417,30
7418,30
7419,30
7420,30
7421,30
7422,30
7423,30
7424,31
7425,31
7426,31
7427,31
7428,31
7429,31
7430,31
7431,31
7432,31
7433,31
7434,31
7435,31
7436,31
7437,31
7438,31
7439,31
7440,31
7441,31
7442,31
7443,31
7444,32
7445,32
7446,32
7447,32
7448,32
7449,32
7450,32
7451,32
7452,32
7453,32
7454,32
7455,32
7456,32
7457,32
7458,32
7459,32
7460,32
7461,32
7462,32
7463,32
7464,33
7465,33
7466,33
7467,33
7468,33
7469,33
7470,33
7471,33
7472,33
7473,33
7474,33
7475,33
7476,33
7477,33
7478,33
7479,33
7480,33
7481,33
7482,33
7483,33
7484,34
7485,34
7486,34
7487,34
7488,34
7489,34
7490,34
7491,34
7492,34
7493,34
7494,34
7495,34
7496,34
7497,34
7498,34
7499,34
7500,34
7501,34
7502,34
7503,34
7504,35
7505,35
7506,35
7507,35
7508,35
7509,35
7510,35
7511,35
7512,35
7513,35
7514,35
7515,35
7516,35
7517,35
7518,35
7519,35
7520,35
7521,35
7522,35
7523,35
7524,36
7525,36
7526,36
7527,36
7528,36
7529,36
7530,36
7531,36
7532,36
7533,36
7534,36
7535,36
7536,36
7537,36
7538,36
7539,36
7540,36
7541,36
7542,36
7543,36
7544,37
7545,37
7546,37
7547,37
7548,37
7549,37
7550,37
7551,37
7552,37
7553,37
7554,37
7555,37
7556,37
7557,37
7558,37
7559,37
7560,37
7561,37
7562,37
7563,37
7564,38
7565,38
7566,38
7567,38
7568,38
7569,38
7570,38
7571,38
7572,38
7573,38
7574,38
7575,38
7576,38
7577,38
7578,38
7579,38
7580,38
7581,38
7582,38
7583,38
7584,39
7585,39
7586,39
7587,39
7588,39
7589,39
7590,39
7591,39
7592,39
7593,39
7594,39
7595,39
7596,39
7597,39
7598,39
7599,39
7600,39
7601,39
7602,39
7603,39
7604,40
7605,40
7606,40
7607,40
7608,40
7609,40
7610,40
7611,40
7612,40
7613,40
7614,40
7615,40
7616,40
7617,40
7618,40
7619,40
7620,40
7621,40
7622,40
7623,40
7624,41
7625,41
7626,41
7627,41
7628,41
7629,41
7630,41
7631,41
7632,41
7633,41
7634,41
7635,41
7636,41
7637,41
7638,41
7639,41
7640,41
7641,41
7642,41
7643,41
7644,42
7645,42
7646,42
7647,42
7648,42
7649,42
7650,42
7651,42
7652,42
7653,42
7654,42
7655,42
7656,42
7657,42
7658,42
7659,42
7660,42
7661,42
7662,42
7663,42
7664,43
7665,43
7666,43
7667,43
7668,43
7669,43
7670,43
7671,43
7672,43
7673,43
7674,43
7675,43
7676,43
7677,43
7678,43
7679,43
7680,43
7681,43
7682,43
7683,43
7684,44
7685,44
7686,44
7687,44
7688,44
7689,44
7690,44
7691,44
7692,44
7693,44
7694,44
7695,44
7696,44
7697,44
7698,44
7699,44
7700,44
7701,44
7702,44
7703,44
7704,45
7705,45
7706,45
7707,45
7708,45
7709,45
7710,45
7711,45
7712,45
7713,45
7714,45
7715,45
7716,45
7717,45
7718,45
7719,45
7720,45
7721,45
7722,45
7723,45
7724,46
7725,46
7726,46
7727,46
7728,46
7729,46
7730,46
7731,46
7732,46
7733,46
7734,46
7735,46
7736,46
7737,46
7738,46
7739,46
7740,46
7741,46
7742,46
7743,46
7744,47
7745,47
7746,47
7747,47
7748,47
7749,47
7750,47
7751,47
7752,47
7753,47
7754,47
7755,47
7756,47
7757,47
7758,47
7759,47
7760,47
7761,47
7762,47
7763,47
7764,48
7765,48
7766,48
7767,48
7768,48
7769,48
7770,48
7771,48
7772,48
7773,48
7774,48
7775,48
7776,48
7777,48
7778,48
7779,48
7780,48
7781,48
7782,48
7783,48
7784,49
7785,49
7786,49
7787,49
7788,49
7789,49
7790,49
7791,49
7792,49
7793,49
7794,49
7795,49
7796,49
7797,49
7798,49
7799,49
7800,49
7801,49
7802,49
7803,49
7804,50
7805,50
7806,50
7807,50
7808,50
7809,50
7810,50
7811,50
7812,50
7813,50
7814,50
7815,50
7816,50
7817,50
7818,50
7819,50
7820,50
7821,50
7822,50
7823,50
7824,51
7825,51
7826,51
7827,51
7828,51
7829,51
7830,51
7831,51
7832,51
7833,51
7834,51
7835,51
7836,51
7837,51
7838,51
7839,51
7840,51
7841,51
7842,51
7843,51
7844,52
7845,52
7846,52
7847,52
7848,52
7849,52
7850,52
7851,52
7852,52
7853,52
7854,52
7855,52
7856,52
7857,52
7858,52
7859,52
7860,52
7861,52
7862,52
7863,52
7864,53
7865,53
7866,53
7867,53
7868,53
7869,53
7870,53
7871,53
7872,53
7873,53
7874,53
7875,53
7876,53
7877,53
7878,53
7879,53
7880,53
7881,53
7882,53
7883,53
7884,54
7885,54
7886,54
7887,54
7888,54
7889,54
7890,54
7891,54
7892,54
7893,54
7894,54
7895,54
7896,54
7897,54
7898,54
7899,54
7900,54
7901,54
7902,54
7903,54
7904,55
7905,55
7906,55
7907,55
7908,55
7909,55
7910,55
7911,55
7912,55
7913,55
7914,55
7915,55
7916,55
7917,55
7918,55
7919,55
7920,55
7921,55
7922,55
7923,55
7924,56
7925,56
7926,56
7927,56
7928,56
7929,56
7930,56
7931,56
7932,56
7933,56
7934,56
7935,56
7936,56
7937,56
7938,56
7939,56
7940,56
7941,56
7942,56
7943,56
7944,57
7945,57
7946,57
7947,57
7948,57
7949,57
7950,57
7951,57
7952,57
7953,57
7954,57
7955,57
7956,57
7957,57
7958,57
7959,57
7960,57
7961,57
7962,57
7963,57
7964,58
7965,58
7966,58
7967,58
7968,58
7969,58
7970,58
7971,58
7972,58
7973,58
7974,58
7975,58
7976,58
7977,58
7978,58
7979,58
7980,58
7981,58
7982,58
7983,58
7984,59
7985,59
7986,59
7987,59
7988,59
7989,59
7990,59
7991,59
7992,59
7993,59
7994,59
7995,59
7996,59
7997,59
7998,59
7999,59
8000,59
8001,59
8002,59
8003,59
8004,60
8005,60
8006,60
8007,60
8008,60
8009,60
8010,60
8011,60
8012,60
8013,60
8014,60
8015,60
8016,60
8017,60
8018,60
8019,60
8020,60
8021,60
8022,60
8023,60
8024,61
8025,61
8026,61
8027,61
8028,61
8029,61
8030,61
8031,61
8032,61
8033,61
8034,61
8035,61
8036,61
8037,61
8038,61
8039,61
8040,61
8041,61
8042,61
8043,61
8044,62
8045,62
8046,62
8047,62
8048,62
8049,62
8050,62
8051,62
8052,62
8053,62
8054,62
8055,62
8056,62
8057,62
8058,62
8059,62
8060,62
8061,62
8062,62
8063,62
8064,63
8065,63
8066,63
8067,63
8068,63
8069,63
8070,63
8071,63
8072,63
8073,63
8074,63
8075,63
8076,63
8077,63
8078,63
8079,63
8080,63
8081,63
8082,63
8083,63
8084,64
8085,64
8086,64
8087,64
8088,64
8089,64
8090,64
8091,64
8092,64
8093,64
8094,64
8095,64
8096,64
8097,64
8098,64
8099,64
8100,64
8101,64
8102,64
8103,64
8104,65
8105,65
8106,65
8107,65
8108,65
8109,65
8110,65
8111,65
8112,65
8113,65
8114,65
8115,65
8116,65
8117,65
8118,65
8119,65
8120,65
8121,65
8122,65
8123,65
8124,66
8125,66
8126,66
8127,66
8128,66
8129,66
8130,66
8131,66
8132,66
8133,66
8134,66
8135,66
8136,66
8137,66
8138,66
8139,66
8140,66
8141,66
8142,66
8143,66
8144,67
8145,67
8146,67
8147,67
8148,67
8149,67
8150,67
8151,67
8152,67
8153,67
8154,67
8155,67
8156,67
8157,67
8158,67
8159,67
8160,67
8161,67
8162,67
8163,67
8164,68
8165,68
8166,68
8167,68
8168,68
8169,68
8170,68
8171,68
8172,68
8173,68
8174,68
8175,68
8176,68
8177,68
8178,68
8179,68
8180,68
8181,68
8182,68
8183,68
8184,69
8185,69
8186,69
8187,69
8188,69
8189,69
8190,69
8191,69
8192,69
8193,69
8194,69
8195,69
8196,69
8197,69
8198,69
8199,69
8200,69
8201,69
8202,69
8203,69
8204,70
8205,70
8206,70
8207,70
8208,70
8209,70
8210,70
8211,70
8212,70
8213,70
8214,70
8215,70
8216,70
8217,70
8218,70
8219,70
8220,70
8221,70
8222,70
8223,70
8224,71
8225,71
8226,71
8227,71
8228,71
8229,71
8230,71
8231,71
8232,71
8233,71
8234,71
8235,71
8236,71
8237,71
8238,71
8239,71
8240,71
8241,71
8242,71
8243,71
8244,72
8245,72
8246,72
8247,72
8248,72
8249,72
8250,72
8251,72
8252,72
8253,72
8254,72
8255,72
8256,72
8257,72
8258,72
8259,72
8260,72
8261,72
8262,72
8263,72
8264,73
8265,73
8266,73
8267,73
8268,73
8269,73
8270,73
8271,73
8272,73
8273,73
8274,73
8275,73
8276,73
8277,73
8278,73
8279,73
8280,73
8281,73
8282,73
8283,73
8284,74
8285,74
8286,74
8287,74
8288,74
8289,74
8290,74
8291,74
8292,74
8293,74
8294,74
8295,74
8296,74
8297,74
8298,74
8299,74
8300,74
8301,74
8302,74
8303,74
8304,75
8305,75
8306,75
8307,75
8308,75
8309,75
8310,75
8311,75
8312,75
8313,75
8314,75
8315,75
8316,75
8317,75
8318,75
8319,75
8320,75
8321,75
8322,75
8323,75
8324,76
8325,76
8326,76
8327,76
8328,76
8329,76
8330,76
8331,76
8332,76
8333,76
8334,76
8335,76
8336,76
8337,76
8338,76
8339,76
8340,76
8341,76
8342,76
8343,76
8344,77
8345,77
8346,77
8347,77
8348,77
8349,77
8350,77
8351,77
8352,77
8353,77
8354,77
8355,77
8356,77
8357,77
8358,77
8359,77
8360,77
8361,77
8362,77
8363,77
8364,78
8365,78
8366,78
8367,78
8368,78
8369,78
8370,78
8371,78
8372,78
8373,78
8374,78
8375,78
8376,78
8377,78
8378,78
8379,78
8380,78
8381,78
8382,78
8383,78
8384,79
8385,79
8386,79
8387,79
8388,79
8389,79
8390,79
8391,79
8392,79
8393,79
8394,79
8395,79
8396,79
8397,79
8398,79
8399,79
8400,79
8401,79
8402,79
8403,79
8404,80
8405,80
8406,80
8407,80
8408,80
8409,80
8410,80
8411,80
8412,80
8413,80
8414,80
8415,80
8416,80
8417,80
8418,80
8419,80
8420,80
8421,80
8422,80
8423,80
8424,81
8425,81
8426,81
8427,81
8428,81
8429,81
8430,81
8431,81
8432,81
8433,81
8434,81
8435,81
8436,81
8437,81
8438,81
8439,81
8440,81
8441,81
8442,81
8443,81
8444,82
8445,82
8446,82
8447,82
8448,82
8449,82
8450,82
8451,82
8452,82
8453,82
8454,82
8455,82
8456,82
8457,82
8458,82
8459,82
8460,82
8461,82
8462,82
8463,82
8464,83
8465,83
8466,83
8467,83
8468,83
8469,83
8470,83
8471,83
8472,83
8473,83
8474,83
8475,83
8476,83
8477,83
8478,83
8479,83
8480,83
8481,83
8482,83
8483,83
8484,84
8485,84
8486,84
8487,84
8488,84
8489,84
8490,84
8491,84
8492,84
8493,84
8494,84
8495,84
8496,84
8497,84
8498,84
8499,84
8500,84
8501,84
8502,84
8503,84
8504,85
8505,85
8506,85
8507,85
8508,85
8509,85
8510,85
8511,85
8512,85
8513,85
8514,85
8515,85
8516,85
8517,85
8518,85
8519,85
8520,85
8521,85
8522,85
8523,85
8524,86
8525,86
8526,86
8527,86
8528,86
8529,86
8530,86
8531,86
8532,86
8533,86
8534,86
8535,86
8536,86
8537,86
8538,86
8539,86
8540,86
8541,86
8542,86
8543,86
8544,87
8545,87
8546,87
8547,87
8548,87
8549,87
8550,87
8551,87
8552,87
8553,87
8554,87
8555,87
8556,87
8557,87
8558,87
8559,87
8560,87
8561,87
8562,87
8563,87
8564,88
8565,88
8566,88
8567,88
8568,88
8569,88
8570,88
8571,88
8572,88
8573,88
8574,88
8575,88
8576,88
8577,88
8578,88
8579,88
8580,88
8581,88
8582,88
8583,88
8584,89
8585,89
8586,89
8587,89
8588,89
8589,89
8590,89
8591,89
8592,89
8593,89
8594,89
8595,89
8596,89
8597,89
8598,89
8599,89
8600,89
8601,89
8602,89
8603,89
8604,90
8605,90
8606,90
8607,90
8608,90
8609,90
8610,90
8611,90
8612,90
8613,90
8614,90
8615,90
8616,90
8617,90
8618,90
8619,90
8620,90
8621,90
8622,90
8623,90
8624,91
8625,91
8626,91
8627,91
8628,91
8629,91
8630,91
8631,91
8632,91
8633,91
8634,91
8635,91
8636,91
8637,91
8638,91
8639,91
8640,91
8641,91
8642,91
8643,91
8644,92
8645,92
8646,92
8647,92
8648,92
8649,92
8650,92
8651,92
8652,92
8653,92
8654,92
8655,92
8656,92
8657,92
8658,92
8659,92
8660,92
8661,92
8662,92
8663,92
8664,93
8665,93
8666,93
8667,93
8668,93
8669,93
8670,93
8671,93
8672,93
8673,93
8674,93
8675,93
8676,93
8677,93
8678,93
8679,93
8680,93
8681,93
8682,93
8683,93
8684,94
8685,94
8686,94
8687,94
8688,94
8689,94
8690,94
8691,94
8692,94
8693,94
8694,94
8695,94
8696,94
8697,94
8698,94
8699,94
8700,94
8701,94
8702,94
8703,94
8704,95
8705,95
8706,95
8707,95
8708,95
8709,95
8710,95
8711,95
8712,95
8713,95
8714,95
8715,95
8716,95
8717,95
8718,95
8719,95
8720,95
8721,95
8722,95
8723,95
8724,96
8725,96
8726,96
8727,96
8728,96
8729,96
8730,96
8731,96
8732,96
8733,96
8734,96
8735,96
8736,96
8737,96
8738,96
8739,96
8740,96
8741,96
8742,96
8743,96
8744,97
8745,97
8746,97
8747,97
8748,97
8749,97
8750,97
8751,97
8752,97
8753,97
8754,97
8755,97
8756,97
8757,97
8758,97
8759,97
8760,97
8761,97
8762,97
8763,97
8764,98
8765,98
8766,98
8767,98
8768,98
8769,98
8770,98
8771,98
8772,98
8773,98
8774,98
8775,98
8776,98
8777,98
8778,98
8779,98
8780,98
8781,98
8782,98
8783,98
8784,0
8785,0
8786,0
8787,0
8788,0
8789,0
8790,0
8791,0
8792,0
8793,0
8794,0
8795,0
8796,0
8797,0
8798,0
8799,0
8800,0
8801,0
8802,0
8803,0
8804,1
8805,1
8806,1
8807,1
8808,1
8809,1
8810,1
8811,1
8812,1
8813,1
8814,1
8815,1
8816,1
8817,1
8818,1
8819,1
8820,1
8821,1
8822,1
8823,1
8824,2
8825,2
8826,2
8827,2
8828,2
8829,2
8830,2
8831,2
8832,2
8833,2
8834,2
8835,2
8836,2
8837,2
8838,2
8839,2
8840,2
8841,2
8842,2
8843,2
8844,3
8845,3
8846,3
8847,3
8848,3
8849,3
8850,3
8851,3
8852,3
8853,3
8854,3
8855,3
8856,3
8857,3
8858,3
8859,3
8860,3
8861,3
8862,3
8863,3
8864,4
8865,4
8866,4
8867,4
8868,4
8869,4
8870,4
8871,4
8872,4
8873,4
8874,4
8875,4
8876,4
8877,4
8878,4
8879,4
8880,4
8881,4
8882,4
8883,4
8884,5
8885,5
8886,5
8887,5
8888,5
8889,5
8890,5
8891,5
8892,5
8893,5
8894,5
8895,5
8896,5
8897,5
8898,5
8899,5
8900,5
8901,5
8902,5
8903,5
8904,6
8905,6
8906,6
8907,6
8908,6
8909,6
8910,6
8911,6
8912,6
8913,6
8914,6
8915,6
8916,6
8917,6
8918,6
8919,6
8920,6
8921,6
8922,6
8923,6
8924,7
8925,7
8926,7
8927,7
8928,7
8929,7
8930,7
8931,7
8932,7
8933,7
8934,7
8935,7
8936,7
8937,7
8938,7
8939,7
8940,7
8941,7
8942,7
8943,7
8944,8
8945,8
8946,8
8947,8
8948,8
8949,8
8950,8
8951,8
8952,8
8953,8
8954,8
8955,8
8956,8
8957,8
8958,8
8959,8
8960,8
8961,8
8962,8
8963,8
8964,9
8965,9
8966,9
8967,9
8968,9
8969,9
8970,9
8971,9
8972,9
8973,9
8974,9
8975,9
8976,9
8977,9
8978,9
8979,9
8980,9
8981,9
8982,9
8983,9
8984,0
8985,0
8986,0
8987,0
8988,0
8989,0
8990,0
8991,0
8992,0
8993,0
8994,1
8995,1
8996,1
8997,1
8998,1
8999,1
9000,1
9001,1
9002,1
9003,1
9004,2
9005,2
9006,2
9007,2
9008,2
9009,2
9010,2
9011,2
9012,2
9013,2
9014,3
9015,3
9016,3
9017,3
9018,3
9019,3
9020,3
9021,3
9022,3
9023,3
9024,4
9025,4
9026,4
9027,4
9028,4
9029,4
9030,4
9031,4
9032,4
9033,4
9034,5
9035,5
9036,5
9037,5
9038,5
9039,5
9040,5
9041,5
9042,5
9043,5
9044,6
9045,6
9046,6
9047,6
9048,6
9049,6
9050,6
9051,6
9052,6
9053,6
9054,7
9055,7
9056,7
9057,7
9058,7
9059,7
9060,7
9061,7
9062,7
9063,7
9064,8
9065,8
9066,8
9067,8
9068,8
9069,8
9070,8
9071,8
9072,8
9073,8
9074,9
9075,9
9076,9
9077,9
9078,9
9079,9
9080,9
9081,9
9082,9
9083,9
9084,10
9085,10
9086,10
9087,10
9088,10
9089,10
9090,10
9091,10
9092,10
9093,10
9094,11
9095,11
9096,11
9097,11
9098,11
9099,11
9100,11
9101,11
9102,11
9103,11
9104,12
9105,12
9106,12
9107,12
9108,12
9109,12
9110,12
9111,12
9112,12
9113,12
9114,13
9115,13
9116,13
9117,13
9118,13
9119,13
9120,13
9121,13
9122,13
9123,13
9124,14
9125,14
9126,14
9127,14
9128,14
9129,14
9130,14
9131,14
9132,14
9133,14
9134,15
9135,15
9136,15
9137,15
9138,15
9139,15
9140,15
9141,15
9142,15
9143,15
9144,16
9145,16
9146,16
9147,16
9148,16
9149,16
9150,16
9151,16
9152,16
9153,16
9154,0
9155,0
9156,0
9157,0
9158,0
9159,0
9160,0
9161,0
9162,0
9163,0
9164,1
9165,1
9166,1
9167,1
9168,1
9169,1
9170,1
9171,1
9172,1
9173,1
9174,2
9175,2
9176,2
9177,2
9178,2
9179,2
9180,2
9181,2
9182,2
9183,2
9184,3
9185,3
9186,3
9187,3
9188,3
9189,3
9190,3
9191,3
9192,3
9193,3
9194,4
9195,4
9196,4
9197,4
9198,4
9199,4
9200,4
9201,4
9202,4
9203,4
9204,5
9205,5
9206,5
9207,5
9208,5
9209,5
9210,5
9211,5
9212,5
9213,5
9214,6
9215,6
9216,6
9217,6
9218,6
9219,6
9220,6
9221,6
9222,6
9223,6
9224,7
9225,7
9226,7
9227,7
9228,7
9229,7
9230,7
9231,7
9232,7
9233,7
9234,8
9235,8
9236,8
9237,8
9238,8
9239,8
9240,8
9241,8
9242,8
9243,8
9244,9
9245,9
9246,9
9247,9
9248,9
9249,9
9250,9
9251,9
9252,9
9253,9
9254,10
9255,10
9256,10
9257,10
9258,10
9259,10
9260,10
9261,10
9262,10
9263,10
9264,11
9265,11
9266,11
9267,11
9268,11
9269,11
9270,11
9271,11
9272,11
9273,11
9274,12
9275,12
9276,12
9277,12
9278,12
9279,12
9280,12
9281,12
9282,12
9283,12
9284,13
9285,13
9286,13
9287,13
9288,13
9289,13
9290,13
9291,13
9292,13
9293,13
9294,14
9295,14
9296,14
9297,14
9298,14
9299,14
9300,14
9301,14
9302,14
9303,14
9304,15
9305,15
9306,15
9307,15
9308,15
9309,15
9310,15
9311,15
9312,15
9313,15
9314,16
9315,16
9316,16
9317,16
9318,16
9319,16
9320,16
9321,16
9322,16
9323,16
9324,0
9325,0
9326,0
9327,0
9328,0
9329,0
9330,0
9331,0
9332,0
9333,0
9334,0
9335,0
9336,0
9337,0
9338,0
9339,0
9340,0
9341,0
9342,0
9343,0
9344,1
9345,1
9346,1
9347,1
9348,1
9349,1
9350,1
9351,1
9352,1
9353,1
9354,1
9355,1
9356,1
9357,1
9358,1
9359,1
9360,1
9361,1
9362,1
9363,1
9364,2
9365,2
9366,2
9367,2
9368,2
9369,2
9370,2
9371,2
9372,2
9373,2
9374,2
9375,2
9376,2
9377,2
9378,2
9379,2
9380,2
9381,2
9382,2
9383,2
9384,3
9385,3
9386,3
9387,3
9388,3
9389,3
9390,3
9391,3
9392,3
9393,3
9394,3
9395,3
9396,3
9397,3
9398,3
9399,3
9400,3
9401,3
9402,3
9403,3
9404,4
9405,4
9406,4
9407,4
9408,4
9409,4
9410,4
9411,4
9412,4
9413,4
9414,4
9415,4
9416,4
9417,4
9418,4
9419,4
9420,4
9421,4
9422,4
9423,4
9424,5
9425,5
9426,5
9427,5
9428,5
9429,5
9430,5
9431,5
9432,5
9433,5
9434,5
9435,5
9436,5
9437,5
9438,5
9439,5
9440,5
9441,5
9442,5
9443,5
9444,6
9445,6
9446,6
9447,6
9448,6
9449,6
9450,6
9451,6
9452,6
9453,6
9454,6
9455,6
9456,6
9457,6
9458,6
9459,6
9460,6
9461,6
9462,6
9463,6
9464,7
9465,7
9466,7
9467,7
9468,7
9469,7
9470,7
9471,7
9472,7
9473,7
9474,7
9475,7
9476,7
9477,7
9478,7
9479,7
9480,7
9481,7
9482,7
9483,7
9484,8
9485,8
9486,8
9487,8
9488,8
9489,8
9490,8
9491,8
9492,8
9493,8
9494,8
9495,8
9496,8
9497,8
9498,8
9499,8
9500,8
9501,8
9502,8
9503,8
9504,9
9505,9
9506,9
9507,9
9508,9
9509,9
9510,9
9511,9
9512,9
9513,9
9514,9
9515,9
9516,9
9517,9
9518,9
9519,9
9520,9
9521,9
9522,9
9523,9
9524,10
9525,10
9526,10
9527,10
9528,10
9529,10
9530,10
9531,10
9532,10
9533,10
9534,10
9535,10
9536,10
9537,10
9538,10
9539,10
9540,10
9541,10
9542,10
9543,10
9544,11
9545,11
9546,11
9547,11
9548,11
9549,11
9550,11
9551,11
9552,11
9553,11
9554,11
9555,11
9556,11
9557,11
9558,11
9559,11
9560,11
9561,11
9562,11
9563,11
9564,12
9565,12
9566,12
9567,12
9568,12
9569,12
9570,12
9571,12
9572,12
9573,12
9574,12
9575,12
9576,12
9577,12
9578,12
9579,12
9580,12
9581,12
9582,12
9583,12
9584,13
9585,13
9586,13
9587,13
9588,13
9589,13
9590,13
9591,13
9592,13
9593,13
9594,13
9595,13
9596,13
9597,13
9598,13
9599,13
9600,13
9601,13
9602,13
9603,13
9604,14
9605,14
9606,14
9607,14
9608,14
9609,14
9610,14
9611,14
9612,14
9613,14
9614,14
9615,14
9616,14
9617,14
9618,14
9619,14
9620,14
9621,14
9622,14
9623,14
9624,15
9625,15
9626,15
9627,15
9628,15
9629,15
9630,15
9631,15
9632,15
9633,15
9634,15
9635,15
9636,15
9637,15
9638,15
9639,15
9640,15
9641,15
9642,15
9643,15
9644,16
9645,16
9646,16
9647,16
9648,16
9649,16
9650,16
9651,16
9652,16
9653,16
9654,16
9655,16
9656,16
9657,16
9658,16
9659,16
9660,16
9661,16
9662,16
9663,16
9664,17
9665,17
9666,17
9667,17
9668,17
9669,17
9670,17
9671,17
9672,17
9673,17
9674,17
9675,17
9676,17
9677,17
9678,17
9679,17
9680,17
9681,17
9682,17
9683,17
9684,18
9685,18
9686,18
9687,18
9688,18
9689,18
9690,18
9691,18
9692,18
9693,18
9694,18
9695,18
9696,18
9697,18
9698,18
9699,18
9700,18
9701,18
9702,18
9703,18
9704,19
9705,19
9706,19
9707,19
9708,19
9709,19
9710,19
9711,19
9712,19
9713,19
9714,19
9715,19
9716,19
9717,19
9718,19
9719,19
9720,19
9721,19
9722,19
9723,19
9724,20
9725,20
9726,20
9727,20
9728,20
9729,20
9730,20
9731,20
9732,20
9733,20
9734,20
9735,20
9736,20
9737,20
9738,20
9739,20
9740,20
9741,20
9742,20
9743,20
9744,21
9745,21
9746,21
9747,21
9748,21
9749,21
9750,21
9751,21
9752,21
9753,21
9754,21
9755,21
9756,21
9757,21
9758,21
9759,21
9760,21
9761,21
9762,21
9763,21
9764,22
9765,22
9766,22
9767,22
9768,22
9769,22
9770,22
9771,22
9772,22
9773,22
9774,22
9775,22
9776,22
9777,22
9778,22
9779,22
9780,22
9781,22
9782,22
9783,22
9784,23
9785,23
9786,23
9787,23
9788,23
9789,23
9790,23
9791,23
9792,23
9793,23
9794,23
9795,23
9796,23
9797,23
9798,23
9799,23
9800,23
9801,23
9802,23
9803,23
9804,24
9805,24
9806,24
9807,24
9808,24
9809,24
9810,24
9811,24
9812,24
9813,24
9814,24
9815,24
9816,24
9817,24
9818,24
9819,24
9820,24
9821,24
9822,24
9823,24
9824,25
9825,25
9826,25
9827,25
9828,25
9829,25
9830,25
9831,25
9832,25
9833,25
9834,25
9835,25
9836,25
9837,25
9838,25
9839,25
9840,25
9841,25
9842,25
9843,25
9844,26
9845,26
9846,26
9847,26
9848,26
9849,26
9850,26
9851,26
9852,26
9853,26
9854,26
9855,26
9856,26
9857,26
9858,26
9859,26
9860,26
9861,26
9862,26
9863,26
9864,27
9865,27
9866,27
9867,27
9868,27
9869,27
9870,27
9871,27
9872,27
9873,27
9874,27
9875,27
9876,27
9877,27
9878,27
9879,27
9880,27
9881,27
9882,27
9883,27
9884,28
9885,28
9886,28
9887,28
9888,28
9889,28
9890,28
9891,28
9892,28
9893,28
9894,28
9895,28
9896,28
9897,28
9898,28
9899,28
9900,28
9901,28
9902,28
9903,28
9904,29
9905,29
9906,29
9907,29
9908,29
9909,29
9910,29
9911,29
9912,29
9913,29
9914,29
9915,29
9916,29
9917,29
9918,29
9919,29
9920,29
9921,29
9922,29
9923,29
9924,30
9925,30
9926,30
9927,30
9928,30
9929,30
9930,30
9931,30
9932,30
9933,30
9934,30
9935,30
9936,30
9937,30
9938,30
9939,30
9940,30
9941,30
9942,30
9943,30
9944,31
9945,31
9946,31
9947,31
9948,31
9949,31
9950,31
9951,31
9952,31
9953,31
9954,31
9955,31
9956,31
9957,31
9958,31
9959,31
9960,31
9961,31
9962,31
9963,31
9964,32
9965,32
9966,32
9967,32
9968,32
9969,32
9970,32
9971,32
9972,32
9973,32
9974,32
9975,32
9976,32
9977,32
9978,32
9979,32
9980,32
9981,32
9982,32
9983,32
9984,33
9985,33
9986,33
9987,33
9988,33
9989,33
9990,33
9991,33
9992,33
9993,33
9994,33
9995,33
9996,33
9997,33
9998,33
9999,33
10000,33
10001,33
10002,33
10003,33
10004,34
10005,34
10006,34
10007,34
10008,34
10009,34
10010,34
10011,34
10012,34
10013,34
10014,34
10015,34
10016,34
10017,34
10018,34
10019,34
10020,34
10021,34
10022,34
10023,34
10024,35
10025,35
10026,35
10027,35
10028,35
10029,35
10030,35
10031,35
10032,35
10033,35
10034,35
10035,35
10036,35
10037,35
10038,35
10039,35
10040,35
10041,35
10042,35
10043,35
10044,36
10045,36
10046,36
10047,36
10048,36
10049,36
10050,36
10051,36
10052,36
10053,36
10054,36
10055,36
10056,36
10057,36
10058,36
10059,36
10060,36
10061,36
10062,36
10063,36
10064,37
10065,37
10066,37
10067,37
10068,37
10069,37
10070,37
10071,37
10072,37
10073,37
10074,37
10075,37
10076,37
10077,37
10078,37
10079,37
10080,37
10081,37
10082,37
10083,37
10084,38
10085,38
10086,38
10087,38
10088,38
10089,38
10090,38
10091,38
10092,38
10093,38
10094,38
10095,38
10096,38
10097,38
10098,38
10099,38
10100,38
10101,38
10102,38
10103,38
10104,39
10105,39
10106,39
10107,39
10108,39
10109,39
10110,39
10111,39
10112,39
10113,39
10114,39
10115,39
10116,39
10117,39
10118,39
10119,39
10120,39
10121,39
10122,39
10123,39
10124,40
10125,40
10126,40
10127,40
10128,40
10129,40
10130,40
10131,40
10132,40
10133,40
10134,40
10135,40
10136,40
10137,40
10138,40
10139,40
10140,40
10141,40
10142,40
10143,40
10144,41
10145,41
10146,41
10147,41
10148,41
10149,41
10150,41
10151,41
10152,41
10153,41
10154,41
10155,41
10156,41
10157,41
10158,41
10159,41
10160,41
10161,41
10162,41
10163,41
10164,42
10165,42
10166,42
10167,42
10168,42
10169,42
10170,42
10171,42
10172,42
10173,42
10174,42
10175,42
10176,42
10177,42
10178,42
10179,42
10180,42
10181,42
10182,42
10183,42
10184,43
10185,43
10186,43
10187,43
10188,43
10189,43
10190,43
10191,43
10192,43
10193,43
10194,43
10195,43
10196,43
10197,43
10198,43
10199,43
10200,43
10201,43
10202,43
10203,43
10204,44
10205,44
10206,44
10207,44
10208,44
10209,44
10210,44
10211,44
10212,44
10213,44
10214,44
10215,44
10216,44
10217,44
10218,44
10219,44
10220,44
10221,44
10222,44
10223,44
10224,45
10225,45
10226,45
10227,45
10228,45
10229,45
10230,45
10231,45
10232,45
10233,45
10234,45
10235,45
10236,45
10237,45
10238,45
10239,45
10240,45
10241,45
10242,45
10243,45
10244,46
10245,46
10246,46
10247,46
10248,46
10249,46
10250,46
10251,46
10252,46
10253,46
10254,46
10255,46
10256,46
10257,46
10258,46
10259,46
10260,46
10261,46
10262,46
10263,46
10264,47
10265,47
10266,47
10267,47
10268,47
10269,47
10270,47
10271,47
10272,47
10273,47
10274,47
10275,47
10276,47
10277,47
10278,47
10279,47
10280,47
10281,47
10282,47
10283,47
10284,0
10285,1
10286,2
10287,3
10288,4
10289,5
10290,6
10291,7
10292,8
10293,9
10294,10
10295,11
10296,12
10297,13
10298,14
10299,15
10300,16
10301,17
10302,18
10303,19
10304,20
10305,21
10306,22
10307,23
10308,24
10309,25
10310,26
10311,27
10312,28
10313,29
